,index,arg_id,prev_arg_id,Argument,Concern1,Concern2,depth,Concern3,Concern4,Concern5
0,0,Depth1_44,Depth0,A degree is important for a lot of careers and the idea of these costs will put a lot of students off studying to degree level.,job,,1,,,
1,1,Depth1_68,Depth0,For many young people studying is the only way to achieve decent living conditions in the future. You may think about a slightly smaller fee or one that will be paid after graduation and finding the right job.,job,,1,,,
2,2,Depth1_5,Depth0,better education for everyone leads to a better country with high paying and more successful jobs etc,job,,1,,,
3,3,Depth1_60,Depth0,Fee free education will encourage more diversity in the student population and later in the workplace.,free,,1,,,
4,4,Depth1_1,Depth0,"education should be free as well as health services , it should be a human right",free,,1,,,
5,5,Depth1_18,Depth0,"It places a big financial burden onto the student, because they rarely have the money readily available.",debt,,1,,,
6,6,Depth1_23,Depth0,It forces prospective students to take on significant debt. this will be a heavy burden to non-stem students who are likely to earn less than their counterparts.,debt,,1,,,
7,7,Depth1_73,Depth0,living as a student is difficult enough just getting by with little side jobs . if a fee then has to be paid as well the students who are not so fortunate run the risk of ending up with huge debts .,debt,job,1,,,
8,8,Depth1_17,Depth0,"the amount asked to be paid by the students is very high and most of them might need to take a student loan to continue their studies , placing them in debt even before they start to work .",debt,,1,,,
9,9,Depth1_11,Depth0,"Education should be available for everyone , not for only ones who can afford it.",affordable,,1,,,
10,10,Depth1_6,Depth0,"they are too high. not everyone can afford such an expense, therefore, knowledge is available for certain privileged groups only.",affordable,,1,,,
11,11,Depth1_9,Depth0,9k fees maintain social injustices for those who can afford higher education and thus should be abolished in order to fight social inequality.,affordable,accessible,1,,,
12,12,Depth1_53,Depth0,"Higher education at bachelor-master level should be still widely accessible, and such a high fee certainly does not make it accessible.",accessible,,1,,,
13,13,Depth1_66,Depth0,Education is essential to better civilisation and should be accessible by all those who desire to learn,accessible,,1,,,
14,14,Depth1_4,Depth0,"everyone should have access to a free university education , regardless of their economic capacity",free,accessible,1,,,
15,0,Depth2_1,Depth1_44,"A degree is important but not necessary, often companies also want people that have better work ethics and more work experience instead of academic knowledge.",job,,2,,,
16,1,Depth2_2,Depth1_44,I don't think that the number of students will be significantly reduced by paid studies. If someone is determined to study then he will find financial resources for the payment even if he has to find a float or take a loan.,loan,,2,,,
17,2,Depth2_3,Depth1_44,"Education is important not only from an individual point of view, but also for society. Everyone should be encouraged to go to university. Maybe student loans need to be reframed to the student saying thank you when they can afford to do so.",afford,loan,2,,,
18,3,Depth2_4,Depth1_68,"But what if this person who is given free education is someone who does not have the skills to actually have that profession? And just be, for example, a doctor, because it was given to you for free.",free,,2,,,
19,4,Depth2_5,Depth1_68,"There are loans about so no one pays fees up front anyway, only when they have secured a job. ",loan,job,2,,,
20,5,Depth2_6,Depth1_68,"When it comes to such students, I think that you can introduce for them some kind of a scholarship, which would compensate for school fees for good results in learning.",scholarship,,2,,,
21,6,Depth2_7,Depth1_68,Young people should have access to good careers and FE advice through their schools and colleges.,job,accessible,2,,,
22,7,Depth2_8,Depth1_5,"Everyone already has access to higher education by taking the loan, which should not be a problem to repay if the graduate gets a good job",loan,job,2,accessible,,
23,8,Depth2_9,Depth1_5,"I agree, better education has a positive impact far beyond better paying jobs. Therefore no one should be discouraged from going to university. Student loans and financial support are available for those who cannot pay upfront.",loan,job,2,,,
24,9,Depth2_10,Depth1_5,Better education does not mean it's free. But better education actually leads to better performance and the possibility of better jobs.,job,free,2,,,
25,10,Depth2_11,Depth1_60,Sure but then the government will have to enforce taxes in order to sustain the universities,government,tax,2,,,
26,11,Depth2_12,Depth1_60,"Why is diversity in the student population worthwhile as an aim in itself, if there is equal opportunity to finance education through student loans.",loan,,2,,,
27,12,Depth2_13,Depth1_60,If a student really wants to do a degree in their chosen field they will take on the tuition fee loan or look for other ways to achieve a degree. Maybe the less committed would think twice before pursuing a degree. A degree isnât for everyone. ,loan,,2,,,
28,13,Depth2_14,Depth1_1,"I agree in principle, however, a large proportion of the population will never go to university, therefore it would be unfair to let them pay for it through taxes.",tax,,2,,,
29,14,Depth2_15,Depth1_1,"Regardless whether education is a human right or not, making it free will only lower the quality available to everyone. Free education would be wasted on some people. ",free,,2,,,
30,15,Depth2_16,Depth1_1,"Education is not a human right. In the UK you receive a free education upto the age of 18, if you choose to remain in education after this you should pay for it. ",free,,2,,,
31,16,Depth2_17,Depth1_18,Student loans are a common situation and the banks actually have good contracts with students to help them with this heavy burden at a young age.,loan,,2,,,
32,17,Depth2_18,Depth1_18,"They don't have to have the money readily available, since there is an option to take a student loan which you only pay back after graduating when your income exceeds a certain level.",loan,,2,,,
33,18,Depth2_19,Depth1_18,"I think student loans are a perfect instrument for that, basically saying ""pay it back when you can"".",loan,,2,,,
34,19,Depth2_20,Depth1_23,If you want to go to University this is a financial sacrifice you may have to make. Earnings are likely to be on par once you have a degree and get a job. ,job,,2,,,
35,20,Depth2_21,Depth1_23,Those who earn less must have greater help if the intent is to continue. It's Not beneficial for any student to have debts.,debt,,2,,,
36,21,Depth2_22,Depth1_23,If they are earning enough to repay the loan they have nothing to worry about it. ,loan,,2,,,
37,22,Depth2_23,Depth1_23,"The free market dictates remuneration; when deciding on a non-stem field, students need to take into consideration such aspects.",free,,2,,,
38,23,Depth2_24,Depth1_73,"Even if they end up with a debt, it is likely they will have the resource to pay it back, because they will a good job",job,debt,2,,,
39,24,Depth2_25,Depth1_73,"Students with high potential to succeed can access a variety of scholarships and the like. Further, there's nothing to stop a prospective student from taking some time to save up the funds.",scholarship,accessible,2,,,
40,25,Depth2_26,Depth1_73,"The student fee debt should be repayable only over a certain level of income and it should not contribute to a negative credit record, etc.",debt,,2,,,
41,26,Depth2_27,Depth1_17,There are systems in place to assist students in such cases and the loan is not needed to be repaid immediately. ,loan,,2,,,
42,27,Depth2_28,Depth1_17,By this logic we also could not make loans to buy a house or a car. There must be priorities. However the rates should be a bit lower.,loan,,2,,,
43,28,Depth2_29,Depth1_11,"Not everyone can be a doctor or engineer, there are a lot of other work prospects in other areas",job,,2,,,
44,29,Depth2_30,Depth1_11,People who can't afford have government help. Government can't afford free education for all unless they increase the taxes and people won't like it.,afford,government,2,tax,free,
45,30,Depth2_31,Depth1_11,"Student loans allow further education for everyone, otherwise the funding would have to come from a graduate tax or a tax on everyone.",tax,loan,2,,,
46,31,Depth2_32,Depth1_11,Education has so many different forms so in todays digitalized world it's not true that is not available. Talented students can always make it by applying for scholarships. There are online platforms offering cheap education.,scholarship,,2,,,
47,32,Depth2_33,Depth1_11,Everyone should be able to afford tuition fees if they are paid for by readily accessible student loans that are only repaid at an affordable rate over a reasonable threshold of income.,afford,loan,2,accessible,,
48,33,Depth2_34,Depth1_6,The loan system is in in place to prevent this happening. All economic groups should factor in loan repayment costs and work out if it is affordable  to go to uni. ,loan,job,2,,,
49,34,Depth2_35,Depth1_6,"Not everyone should have a university degree, otherwise who would build houses, work the fields etc. A talented student can have scholarships to get into otherwise expensive universities as well.",scholarship,job,2,,,
50,35,Depth2_36,Depth1_6,"Government helps to pay the education for people who can't afford such expenses and fees are too high for people who can't pay, but the cost of a degree to a government is much more higher than 9K.",afford,government,2,,,
51,36,Depth2_37,Depth1_6,"That is why loans exist, to equal the playing field so everyone can access university education. The sector has to be funded somehow and people need to value a university education.",loan,accessible,2,,,
52,37,Depth2_38,Depth1_9,There are plenty of options for students that can't pay college or can't pay it at the moment. Scholarships or loans are examples of that.,loan,scholarship,2,,,
53,38,Depth2_39,Depth1_53,"The high fee can be covered by a student loan which is accessible to everyone and which will not be payable until a certain level of income. Furthermore, such a fee ensures that universities keep their funding and remain active and widely available.",loan,accessible,2,,,
54,39,Depth2_40,Depth1_53,It is more widely accessible now than it has ever been. More people go to university now than ever before.,accessible,,2,,,
55,40,Depth2_41,Depth1_53,Education should be the responsibility of the state to the magistrate level. And any fees charged on forced internships of educated graduates.,free,,2,,,
56,41,Depth2_42,Depth1_66,"It's true that education is essential to better civilisation, but it IS accessible by all those who desire it. Nothing is impossible, there are plenty of options to earn money with a good job or even pay a loan.",loan,job,2,accessible,,
57,42,Depth2_43,Depth1_66,"There is the opportunity of scholarships that exceptional students stand out and only students that deserve it, have tuitions for free",scholarship,free,2,,,
58,43,Depth2_44,Depth1_66,"Tuition fees donât make things inaccessible, just make it necessary for people to really consider whether university is right for them and their career path",job,,2,,,
59,44,Depth2_45,Depth1_4,"Everyone HAS access to university education due to the student loans that are given to everybody. It should, however, not be for free, hence free university education means increasing taxes for everyone, including those that do not go to university.",tax,loan,2,accessible,free,
60,45,Depth2_46,Depth1_4,"Yes, but if people are really good students there are free scholarships for poor people",scholarship,free,2,,,
61,46,Depth2_47,Depth1_4,"Concessions should be made for those who are not able to financially afford  university education. However, they must meet certain qualifying criteria first.",afford,,2,,,
62,47,Depth2_48,Depth1_4,"Agreed, but poorer students are supported by the loan system which will not cripple them with debt as you only have to pay it back on a certain percentage. ",loan,debt,2,,,
63,48,Depth2_49,Depth1_4,"There are many jobs that require a certain skillset, which can not be obtained without spending money on it.",job,,2,,,
64,0,Depth3_11,Depth2_1,"This entirely depends on the industry and type of job. For a job that requires a degree, work ethics and experience will not be enough.",job,,3,,,
65,1,Depth3_21,Depth2_1,A degree is important not only only for the better job perspectives but also for self confidence. The employer would hire someone with the High job ethics and experience AND the academic knowledge will  ,job,,3,,,
66,2,Depth3_31,Depth2_1,With a degree you are able to expand on this work experience and if you have the opportunity to study for a degree and further your education you will stand a better chance when competing for jobs,job,,3,,,
67,3,Depth3_12,Depth2_11,In other countries (like Germany) universities are free but the taxes are not necessarily much higher.,tax,free,3,,,
68,4,Depth3_22,Depth2_11,More likely to get jobs that earn decent wages and start contributing via Tax and ni,tax,job,3,,,
69,5,Depth3_32,Depth2_11,"In Scotland tertiary education is free, and nobody complains about how it is funded. ",free,,3,,,
70,6,Depth3_13,Depth2_17,The student loan interest rates are quite high and students end up repaying much more than they initially borrowed. ,loan,interest,3,,,
71,7,Depth3_23,Depth2_17,"It's ridiculous to saddle young people with lifelong debt because they want to be educated. Education should not see employment (and the ability to repay a loan) as the end goal, but rather as a human right. ",loan,debt,3,,,
72,8,Depth3_33,Depth2_17,"Even with this, students can be naive and misspend the maintenance loans given to them. Wasting government resources that could be spent elsewhere, where it would be more efficiently spent.",government,loan,3,,,
73,9,Depth3_14,Depth2_29,"Every job is becoming more and more specialized, further education does not produce only doctors and engineers, it also trains minds",job,,3,,,
74,10,Depth3_24,Depth2_29,But why should somebody's background stop them from pursuing any career. A poor person can be just as good a medic as a rich person. ,background,,3,,,
75,11,Depth3_15,Depth2_39,"Of course Universities need financial support too, it is a Government affair and support. When individuals decide to go to University, they hope to get high paid jobs,",government,job,3,,,
76,12,Depth3_25,Depth2_39,The prospect of having to pay back a loan once a certain level of income is reached may put young people off applying for jobs which will lead to a well paid career. ,loan,job,3,,,
77,13,Depth3_16,Depth2_2,Taking out a loan is not something that students should have to do to go to university as there is no guarantee they will be able to pay it off afterwards.,loan,,3,,,
78,14,Depth3_26,Depth2_2,Burdening students with a large amount of debt is bad for personal finances across the country and bad for the economy in the long term.,debt,,3,,,
79,15,Depth3_34,Depth2_12,the problem is that there isn't an equal opportunity to finance education through student loans. Those in less fortunate financial situations will still be far less inclined to take out loans.,loan,,3,,,
80,16,Depth3_41,Depth2_12,There is equal opportunity but not always equal ability. Those from less privileged backgrounds might not be educated to know about funding or their parents might not be able to complete the application forms to get the students the means based funding.,background,,3,,,
81,17,Depth3_51,Depth2_12,Many teenagers whose parents did not go to uni and never took a loan might be talked out by their parents,loan,,3,,,
82,18,Depth3_35,Depth2_18,Students who have only just become legal adults should not have to take out a loan or get themselves into debt just to go to university as it is likely that at that age they will not understand the consequences of a loan.,loan,debt,3,,,
83,19,Depth3_42,Depth2_18,"Students could find themselves deliberately only accepting low paid jobs, in order to avoid paying back the loan. If money is tight and their salary only just means they have to repay the loan, that might be a debt too far. ",job,loan,3,debt,,
84,20,Depth3_52,Depth2_18,"Student loans only cover so much and only start after studying, you still need to put up a not insignificant amount of money to get going. And paying back the loans amounts to, in effect, a 9% tax on graduates.",tax,loan,3,,,
85,21,Depth3_36,Depth2_30,The more people in society from less privileged backgrounds who are able to attend university is good for society and therefore desirable.,background,,3,,,
86,22,Depth3_43,Depth2_30,University was free for a long time as it was generally accepted to be a worthy investment in the country's future. Graduates free of debt have more income to place back into the economy.,debt,free,3,,,
87,23,Depth3_53,Depth2_30,"The government are still paying for the loans and probably won't see the money back when the loans are written off in 30 years time. Cheaper education and higher taxes is more sustainable than relying on students to pay back the loans, which they won't.",tax,loan,3,government,,
88,24,Depth3_44,Depth2_40,Some people get in debt whilst at uni as they are unable to survive living costs due to low student low and drop out without completing their course,debt,,3,,,
89,25,Depth3_54,Depth2_40,Yes but that is because there are more universities and more people than in the past. people also have more personal debt than ever before,debt,,3,,,
90,26,Depth3_45,Depth2_3,"Some students will never afford to pay back the loans, as a lot of degrees do not result in a high paying job at the end.",afford,loan,3,job,,
91,27,Depth3_46,Depth2_13,People most of the time dont pay it back fully and the interest is too high to make a reasonable dent so it is also hurting government funding,government,interest,3,,,
92,28,Depth3_55,Depth2_13,Many students have issues taking out loans and just don't have the money to pay the extortionate fees. ,loan,,3,,,
93,29,Depth3_61,Depth2_13,Young people from poorer backgrounds may have less financial backing and are unable to take on the large cost of doing a degree,background,,3,,,
94,30,Depth3_56,Depth2_19,Even students loans are difficult to pay back not everyone gets a good paid job ,loan,job,3,,,
95,31,Depth3_71,Depth2_19,People shouldn't feel they can't apply for better paid jobs because they're afraid of having to pay back a huge debt. ,job,debt,3,,,
96,32,Depth3_91,Depth2_19,The large interest rates associated with student loans mean that students will be paying loans back their entire working life,loan,interest,3,,,
97,33,Depth3_62,Depth2_31,Students should be able to focus on their university course without worrying about having to pay back a student loan. ,loan,,3,,,
98,34,Depth3_72,Depth2_31,Interest is added on and this added debt until you earn a certain amount still puts pressure on young people ,interest,debt,3,,,
99,35,Depth3_81,Depth2_31,Other countries like Germany someone manage to have a fair tax system and free and excellent education,tax,free,3,,,
100,36,Depth3_63,Depth2_41,Some families are from a poor background and would struggle to pay the university fees or get a loan. ,loan,background,3,,,
101,37,Depth3_64,Depth2_14,The government could cut down on prestige projects and arms and invest them into higher education instead,government,,3,,,
102,38,Depth3_73,Depth2_14,"Everyone in society benefits from education- the social benefits of having trained doctors, teachers etc far out weights the cost of taxes. ",tax,,3,,,
103,39,Depth3_82,Depth2_14,A lot of universities make profit too. Those profits could be used to lower the fees. The government would not have to fund everything,government,,3,,,
104,40,Depth3_65,Depth2_20,"There are countries where university is entirely free. 9k is a high amount, not to mention the interest rate on the student loans. Universities, even if not free, should be at least cheaper",loan,interest,3,free,,
105,41,Depth3_74,Depth2_20,"There is no guarantee that you will get a job after your degree. The student loan does take a significant percentage from your monthly wage slip, which doesn't seem fair.",loan,job,3,,,
106,42,Depth3_83,Depth2_20,As far as I understand you only have to pay back the money if you earn over a certain amount so ppl who cannot afford it are not expected to. ,afford,,3,,,
107,43,Depth3_66,Depth2_32,Unfortunately apprenticeships aren't viable for everyone as they need to be able to afford to live and they pay less than it costs to live,afford,,3,,,
108,44,Depth3_75,Depth2_42,The interest rates are high and puts pressure on the student to find a highly paid job as fast as possible after graduating. ,interest,job,3,,,
109,45,Depth3_84,Depth2_42,Prospective students who have family relying on them to be the main provider often cannot afford to take out a loan and can find it difficult to find a job that can support both their education and other needs and responsibilities.  ,afford,loan,3,job,,
110,46,Depth3_92,Depth2_42,"Firstly it is very hard to juggle having a full time education with a job, and these loans have high interests rates which is essentially exploiting these kids because they don't typically have any other options.   ",loan,job,3,interest,,
111,47,Depth3_76,Depth2_5,"So if people had bad credit scores, or didn't have the ability to access this loan, this would basically affect their chance to get a well paid job? ",loan,job,3,access,,
112,48,Depth3_85,Depth2_15,Free education would offer more opportunities to underprivileged and increase the quality of life and services. More competition would cause more ambitions to learn.,free,,3,,,
113,49,Depth3_93,Depth2_15,Some people would not be able to access university due to their financial circumstances.,access,,3,,,
114,50,Depth3_101,Depth2_15,"On the other hand it would enrich many peoples lives, many people who go on to have poorly paid jobs and bad life choices would be able to avoid that completely. ",job,,3,,,
115,51,Depth3_86,Depth2_21,It's unfair to treat students differently by means testing whether or not they should repay their loans without any assistance.,loan,,3,,,
116,52,Depth3_94,Depth2_21,They must know and be given sufficient advice and possible job opportunities before starting their degree,job,,3,,,
117,53,Depth3_102,Depth2_21,"It should have nothing to do with earnings, debt is debt and no one should be made to enter it just for education ",debt,,3,,,
118,54,Depth3_95,Depth2_33,Not every student will be in a financial position to pay it back and will have the burden of a loan hanging over them well into adulthood,loan,,3,,,
119,55,Depth3_103,Depth2_33,Everyone can't afford loans and end up defaulting on the loan or pay it back over an extreme amount of time as they didn't get the job they thought they'd get,afford,loan,3,job,,
120,56,Depth3_111,Depth2_33,Some people would not be able to access these student loans and again this gets them into debt. ,loan,debt,3,access,,
121,57,Depth3_96,Depth2_43,There may be more exceptional students than there are scholarship opportunities and so capable students will miss out because of the competition for funding,scholarship,,3,,,
122,58,Depth3_104,Depth2_43,"Why should only rich people have access to this education, this is putting a big divide in society ",access,,3,,,
123,59,Depth3_105,Depth2_6,"Yes I do agree, however I feel that possibly you pay and then if you get a job in that specialised area, you perhaps get a portion of your student fees wiped. ",job,,3,,,
124,60,Depth3_112,Depth2_6,Potential students that are on a lower income may be put off by the high fees applied to university courses. They maybe more likely to access free courses in order  to achieve similar outcomes ,free,access,3,,,
125,61,Depth3_106,Depth2_16,"Some people really haven't got the money to go to
University even with student loans the debt and interest rate is ridiculous never be able to pay it back especially when you got to earn a certain amount in the first place ",loan,debt,3,interest,,
126,62,Depth3_113,Depth2_22,"However they aren't earning enough, and just getting into debt and therefore the government is getting into debt because students cannot pay it back. ",government,debt,3,,,
127,63,Depth3_121,Depth2_22,"Students who graduate most of the time don't even earn or find jobs in their subject that they graduated earning a certain amount does not apply to
Everyone has jobs a very hard to come by ",job,,3,,,
128,64,Depth3_131,Depth2_22,"The fact that they are repaying vast loans, means that they will not have expendable income, that the economy is dependant upon to thrive - the economy is consumer driven: this will only drive would be consumers out of the system. ",loan,,3,,,
129,65,Depth3_114,Depth2_34,The loan system may make a mistake that will cause issues with economic groups saving up to go to university.,loan,debt,3,interest,free,
130,66,Depth3_122,Depth2_44,Education can bring people out of lower economic groups but the fees may put them off certain careers ,access,,3,,,
131,67,Depth3_132,Depth2_44,"If an individual wishes to become a solicitor or a doctor then university is a must. However, the thought of fees and repayment will deter some.",afford,,3,,,
132,68,Depth3_115,Depth2_44,"This forces potential students to consider whether they can afford to go to university. This will deprive many people who are capable of achieving great success, simply because they cannot afford it. ",job,,3,,,
133,69,Depth3_116,Depth2_7,Young people should not feel like they have to study after the age of 18.,background,,3,,,
134,70,Depth3_123,Depth2_7,It should be a choice because 9k might be too much to some students yet it has to be paid back ,job,,3,,,
135,71,Depth3_124,Depth2_8,The fear of the debt burden is often off-putting to people knowing they may be repaying it for so many years. ,debt,,3,,,
136,72,Depth3_133,Depth2_8,"Why should those who contribute back to society such as doctors, nurses and teachers spend years paying back money to contribute to society.",job,debt,3,,,
137,73,Depth3_141,Depth2_8,"There are so many graduates now that it is difficult to guarantee getting a good job, also the idea of taking on over 30k of debt as it will include living fees if you haven't identified a job that you want to go into can seem excessive ",job,,3,,,
138,74,Depth3_125,Depth2_23,"Degrees are needed in many essential, but lower paying fields like teaching or nursing.  If students are pushed to take degrees only in higher paying fields these jobs will never be filled.",job,,3,,,
139,75,Depth3_134,Depth2_23,"The world needs people qualified in all sorts of fields, it should be lower across the board to allow everyone a fair chance when getting a job.",government,loan,3,debt,,
140,76,Depth3_142,Depth2_23,Everyone should have a choice about what they do.  Years spent in employment that is not enjoyable will do nothing for one's mental health or well being.  ,job,,3,,,
141,77,Depth3_126,Depth2_35,"More than enough houses would still be built. If more young people take on degrees and move away from construction jobs, the demand for construction workers would increase. As demand increases, pay would increase too, enticing more people to become construction workers again. ",loan,,3,,,
142,78,Depth3_135,Depth2_35,There are plenty of funding options available. Loans can be taken and repaid when a higher salary is earned. ,scholarship,,3,,,
143,79,Depth3_136,Depth2_45,Higher education should not be expected. Young people should be educated more on apprenticeships and other avenues where their university funds are paid for ,tax,free,3,,,
144,80,Depth3_143,Depth2_45,That's how taxes work though. We all pay for essential services like the police without necessarily using them directly. ,loan,access,3,,,
145,81,Depth3_144,Depth2_9,Too many people go to university without any idea why they are going.  Student loans are hardly ever paid back and encourage people who shouldnt be at university to go.,job,,3,,,
146,82,Depth3_151,Depth2_9,"Young people will start their adult lives with a debt, which must be paid. Some people will not go to university just to avoid them.",loan,free,3,,,
147,83,Depth3_161,Depth2_9,Students might be discouraged due to the steep fee and opt out of higher education.,tax,job,3,,,
148,84,Depth3_145,Depth2_24,"So many people are applying for post graduate jobs that there is no guarantee of getting a ""good"" job after university anyway",job,debt,3,,,
149,85,Depth3_152,Depth2_24,"The students may shift their focus towards part-time jobs instead of education and it may result in lower grades, Also, students will have their own expenses to deal with before they can pay debt.",loan,job,3,,,
150,86,Depth3_146,Depth2_27,What systems are in place? Even if there are bursaries available this stops as soon as you finish uni and job offers may not come in quickly,job,loan,3,debt,,
151,87,Depth3_153,Depth2_27,"The system has recently abolished the grant scheme aimed at struggling students. In a similar vein, return rate on student loans results in incremental loans for an infinite time horizon making it almost impossible to repay back through a wage job. ",loan,interest,3,,,
152,88,Depth3_162,Depth2_27,Those systems are only in place to help the very neediest of students - individuals will have to get themselves into a place of extreme financial hardship before they are assisted. These measures should be preventative rather than countermeasures.,government,,3,,,
153,89,Depth3_154,Depth2_36,"9k is not enough,  when you consider the amount of knowledge and the earning potential you will get at the end of it",government,loan,3,,,
154,90,Depth3_163,Depth2_36,That's what student loans and bursaries are for. Tuition fees are paid after graduation and so are not an issue.,scholarship,,3,,,
155,91,Depth3_155,Depth2_46,The students will also have to work part-time and study which may impact their performance,loan,background,3,,,
156,92,Depth3_164,Depth2_46,There's also student loans and grants for everyone - students from underprivileged backgrounds get plenty of money to live on.,job,,3,,,
157,93,Depth3_156,Depth2_10,"Free education will lead for better social life, as everybody will get the chance to gain the high education. ",free,,3,,,
158,94,Depth3_165,Depth2_10,"It can be good and free, people who cant afford education would like to perform better jobs too, they just do not have an opportunity",afford,job,3,free,,
159,95,Depth3_166,Depth2_25,"There are very limited scholarships, to limit lower economic students to being restricted means that the potential of our youth isn't being accessed to its fullness.",scholarship,,3,,,
160,96,Depth3_171,Depth2_28,Just because it doesnt need repaid immediately doesnt mean it is a good thing - you will end up in debt for the rest of your life if you cant get a job with a very good wage,job,debt,3,,,
161,97,Depth3_181,Depth2_28,The weight of the loan is undeniable and once you begin earning above a certain amount you need to begin paying it back despite external pressures,loan,,3,,,
162,98,Depth3_172,Depth2_37,It's impossible to learn earn and live you have to make a choice and sadly children these days can not see a way out unless they get a job and help from parents who barely earn enough themselves ,job,,3,,,
163,99,Depth3_182,Depth2_37,The loan doesn't cover living or travel expenses and students often end up taking out other loans.,loan,,3,,,
164,100,Depth3_191,Depth2_37,Maybe if the government cared more about the smaller people the correct use for tax payers money will be funded to good use. Rather than boycotting the amount charged for one person to make their lives bettered in education,government,tax,3,,,
165,101,Depth3_173,Depth2_47,A lot of the population today would probably meet the criteria as there are not many who can afford it,afford,,3,,,
166,102,Depth3_183,Depth2_47,"If everyone will have access to everything, level of education will dropped - because education system will need adjust to level of students.",access,,3,,,
167,103,Depth3_192,Depth2_47,"The same should be applied to someone who is financially able to afford it to raise the quality and stature of the degree itself. You devalue the quality of a degree if the barrier for entry is ""Who can pay the most?""",afford,,3,,,
168,104,Depth3_174,Depth2_26,Having a highly educated workforce will contribute far more to the economy and pay off multiple times over the government tuition expense.,government,,3,,,
169,105,Depth3_184,Depth2_26,"This still discourages some students, particularly those from backgrounds who do not want any form of debt. The interest rates also keep rising.",interest,debt,3,background,,
170,106,Depth3_193,Depth2_26,Student loans should be treated as loans to be taken seriously by students. The USAÂs student loans affect credit score and as a result the US has a higher repayment rate. ,loan,,3,,,
171,107,Depth3_201,Depth2_26,"Well, it doesn't in the UK but the interest rates are quite high and force the student to find a job as fast as possible after graduating, otherwise he/she accumulates more and more interest ",interest,job,3,,,
172,108,Depth3_175,Depth2_38,ItÂs demeaning having to apply for help in order to be at a level playing field in education with those from more affluent backgrounds,background,,3,,,
173,109,Depth3_185,Depth2_38,Although there are finance options the amount loaned is often based on parental income not on what they can afford to help subsidise. ,afford,,3,,,
174,110,Depth3_194,Depth2_38,scholarships are highly selective and often do not cover the whole cost of the degree. loans are only for the tuition fees - if the student moves into another city he/she also needs to pay for rent etc.,loan,scholarship,3,,,
175,111,Depth3_176,Depth2_48,"However, they still owe the money and therefore start their working life in debt. ",debt,,3,,,
176,112,Depth3_186,Depth2_48,It would just be unfair on other people who have put in more effort in studies than the people who can afford it but hasn't put in any effort in studies.,afford,,3,,,
177,113,Depth3_195,Depth2_48,The loan system has scrapped income-based grants for poorer students with higher day-to-day expenses making it almost impossible for them to survive without taking twice as much in loans as their counterparts,loan,,3,,,
178,114,Depth3_202,Depth2_48,"no, you pay it back after a certain salary which is basically if you earn more than the very basic income. Interest rates are high too",interest,,3,,,
179,115,Depth3_196,Depth2_49,Those skillsets are then therefore only readily available to those who can afford to pay for it,afford,,3,,,
180,116,Depth3_203,Depth2_49,The money provided by jobs employing that skill set could repay that spent money many times over,job,,3,,,
181,0,Depth4_1,Depth3_11,"So if someone wants to pursue a career where a degree is necessary, he or she should be willing to invest into their future by taking a loan. Jobs that require a degree offer a decent salary that should make the repayment of the loan not too high of burden.",loan,job,4,career,,
182,1,Depth4_3,Depth3_11,"You are right, it depends on the industry. However, too many people with degrees go into jobs that would benefit from more practical and less academic knowledge. Instead of lowering university fees, I think the UK should invest in schemes and people to gain practical knowledge.",job,,4,,,
183,2,Depth4_7,Depth3_11,"That's true but if a degree is completely needed and a person don't have the money to get one, they can get a scholarship",scholarship,,4,,,
184,3,Depth4_15,Depth3_12,The money would be raised by taxes and not everybody that is a tax payer has been to university so it is not fair to make tax payers pay for university fees.,tax,,4,,,
185,4,Depth4_16,Depth3_12,"I lived in Germany and Austria. Both countries offer free university education. If you add up the taxes and social security contributions, the cost to the individual is significantly higher than in the UK.",free,tax,4,,,
186,5,Depth4_19,Depth3_12,"Sure, but free for the best only, and the career path does not necessarily begins with a degree but you can be successful by learning a profession. Also there is a strong connection with the industries who will co-finance the degree of their future employees. ",free,career,4,,,
187,6,Depth4_27,Depth3_13,this is an investment into the future that the student was willing to take. Not everything in life is for free,free,,4,,,
188,7,Depth4_29,Depth3_13,"You are right, the interest rates are increasing to a level I feel uncomfortable with. Instead of lowering the university fees, maybe the government could invest so that the interest rates stay low or even 0%.",interest,government,4,,,
189,8,Depth4_32,Depth3_13,"Being a loan it's normal they will pay the interest. The loan is an opportunity not an obligation. The brightest will manage to get a tuition fee waiver or even a scholarship. This also helps selection, and make sure the brightest will have the best chance to get a degree.",loan,scholarship,4,interest,,
190,9,Depth4_35,Depth3_13,"The importance here, though, is that the banks take care of the incapability of some students that can't afford university fees. They overcome this problem through a loan, which with a good program of their economics can solve in few years.",loan,afford,4,,,
191,10,Depth4_40,Depth3_14,"Yes and if someone wants to pursue a career where further education is necessary, he or she should be willing to invest into it",career,,4,,,
192,11,Depth4_44,Depth3_14,"People go to university to get a higher jobs in the specific fields, the rest qualifications can be easily gained at colleges",job,,4,,,
193,12,Depth4_52,Depth3_14,3 years at university is no replacement for work experience. A mind will be trained best on the job and in the relevant industry. ,job,,4,,,
194,13,Depth4_57,Depth3_15,"Universities cannot rely on the government, on the example of primary school, which are supposed to be supported by the state, however very struggling and asking for parents financial involvement ",government,,4,,,
195,14,Depth4_61,Depth3_15,A student loan make their decision easier about going to a university or not and only those who are really determined to work hard and dedicate to their lessons will be willing to use that Government support.,loan,government,4,,,
196,15,Depth4_62,Depth3_15,"Exactly, people hope to get a high paying job with a university degree, thus it is an investment. If that investment is successful they have the financial means to repay the loan, and if not, they won't have to pay the loan back themselves.",loan,job,4,,,
197,16,Depth4_66,Depth3_16,"If someone studies a degree which is in ""demand"" they should have no problem of finding a job and repaying the loan afterwards. If someone wants to study art history, it is their own risk and they should have to pay/take a loan",loan,job,4,,,
198,17,Depth4_77,Depth3_16,Without having to pay the loan back unless you meet a certain threshold and the loan defaulting after a certain time period it is unlikely that even financially stricken students will struggle post degree. ,loan,,4,,,
199,18,Depth4_78,Depth3_16,University is not a right. Most people fall into university because they think they have too. Going to university should be an important decision and taking a loan should be part of this. ,loan,,4,,,
200,19,Depth4_79,Depth3_21,The job market is extremely competitive and a degree gives you an advantage for most jobs.,job,,4,,,
201,20,Depth4_84,Depth3_21,the fact that someone has academic knowledge does not mean that he has ethics too. as far as the knowledge is concerned it can be obtained through work experience in many jobs that do not require a degree. ,job,,4,,,
202,21,Depth4_88,Depth3_21,"Often a degree takes to long to finish and companies may want someone that doesn't have the academic knowledge but has more work ethics and experience and for the first year on the job, it may be more valuable in the early run.",job,,4,,,
203,22,Depth4_92,Depth3_22,"Government should already be giving scholarships. And the money that the students pay should go to the university so they can buy everything that a student needs like better material, quality food, etc. A degree is not necessary to get a good job.",job,government,4,scholarship,,
204,23,Depth4_95,Depth3_22,"Government is on the edge of their financial abilities, they are struggling to support primary education ",government,,4,,,
205,24,Depth4_96,Depth3_22,Sure but then why not to take a loan and pay back individually instead of putting this burden to the shoulders of the entire society? If taxes are higher people want them to be used for improving the healthcare system or infrastructure.,loan,tax,4,,,
206,25,Depth4_102,Depth3_23,"It's true that should be a human right, and I don't agree that they need to get lifelong debt in order to study. The government should offer them scholarships. But at least they still get an option at the moment, although things should get changed.",scholarship,government,4,debt,,
207,26,Depth4_104,Depth3_23,then the government will increase the taxes that you and i will pay in order to get everyone educated.,tax,government,4,,,
208,27,Depth4_108,Depth3_23,"Loans are there to make students have a goal in mind, that nothing worth doing is free and so that after they achieve their goal they value it and respect it instead of slacking on their education.",loan,free,4,,,
209,28,Depth4_109,Depth3_24,A poor person can get a student loan which they can afford to pay back when they become a medic.,loan,afford,4,,,
210,29,Depth4_110,Depth3_24,There are careers and jobs these days that pay more and don't require a degree but just work experience.,job,career,4,,,
211,30,Depth4_115,Depth3_24,"If they really feel to be a doctor or other profession is what they want, they should fight for it. Taking loan it is one of the steps to get closer to the dream and also talented people can get scholarships too",loan,scholarship,4,,,
212,31,Depth4_116,Depth3_24,"If talented there are possibilities to get financial support from the university or government funds. If least talented but still willing to become a doctor, the loan is always an option.",loan,government,4,,,
213,32,Depth4_120,Depth3_25,A young person would not hold back from a good job and good salary just because they need to payback a loan.,loan,job,4,,,
214,33,Depth4_123,Depth3_25,If your earning a higher income then having to pay back a student loan won't affect you. ,loan,,4,,,
215,34,Depth4_126,Depth3_25,"It's difficult to imagine that once obtaining a degree financed from loans, one will go for lower paid jobs just to avoid to pay back the amount. ",loan,job,4,,,
216,35,Depth4_132,Depth3_26,That's why the government should start giving scholarships to people who really can't pay university fees but still want to get a degree.,scholarship,government,4,,,
217,36,Depth4_134,Depth3_26,"if we agree to stop student loans and get everyone educated this burdens every other citizen through taxes
the difference is that the student makes a choice on the loan but the citizen does not",loan,tax,4,,,
218,37,Depth4_136,Depth3_26,"As for the person it's a decision with consequences for a better career. As for the economy, loans are usually good for the economy and it also motivates the student to get a high paid job to pay back the loan as soon as possible.",loan,job,4,career,,
219,38,Depth4_138,Depth3_26,"It gives them an objective to accomplish, it gives value to their degree and future career, getting free education is good and necessary in some cases but that also gives people the option to slack off and reduce their chances of getting a proper work ethic.",free,career,4,,,
220,39,Depth4_139,Depth3_31,But a person should only get a degree if he really wants it and likes it and not because he wants a better job,job,,4,,,
221,40,Depth4_142,Depth3_31,Lots of graduates have never worked before and have none of skills that employers are looking for because of this. There are too many graduates in the job market now so employers are no longer interested,job,,4,,,
222,41,Depth4_149,Depth3_32,"I still agree the government should give scholarships to students who can't pay for university. With or without a fund, that is what defines whether the taxes will be enforced or not. ",scholarship,tax,4,government,,
223,42,Depth4_152,Depth3_32,"People are already complaining about their tax levels now, they would rather they were increased in a way they could actually see the benefits like school education, community support.",tax,,4,,,
224,43,Depth4_160,Depth3_33,Yeah but we need to help to young children and it is a business if we help them with the financially problems they will payed back if they have got a job,job,,4,,,
225,44,Depth4_161,Depth3_33,But that's another concern. The government has to stay alert and check if the loans are well levered.,loan,government,4,,,
226,45,Depth4_162,Depth3_33,"Students may be careless with their money but that is how most young people learn how to manage their money, either in at uni or in their first jobs. The way the loan is paid back is an additional tax for something you chose to do",loan,job,4,tax,,
227,46,Depth4_172,Depth3_34,"Greater awareness should be given to all students on what having these loans means, that it is a different type of debt that doesn't count against you.",loan,debt,4,,,
228,47,Depth4_176,Depth3_34,government is responsible to asses the students circumstances and come up with the education loans,loan,government,4,,,
229,48,Depth4_177,Depth3_34,"Students that are really determined to get in a university can work and build the required financial background that is needed to take the loan. In this way, they will notice if they are willing to do everything for their future.",loan,background,4,,,
230,49,Depth4_181,Depth3_35,"Asking for a loan to study is not motivated, it's putting a person in debt when he doesn't have the money.",loan,debt,4,,,
231,50,Depth4_186,Depth3_35,if they are educated they have the responsibility and can earn alongside repay the loan,loan,,4,,,
232,51,Depth4_192,Depth3_36,They still can attend university now. If the fees were removed they still wouldn't go as they can't afford maintenance fees and instead would start working.,afford,,4,,,
233,52,Depth4_196,Depth3_36,taxes are recovered from all in society which is what goes back to equally loft up the social needs based on who is in need of it,tax,,4,,,
234,53,Depth4_197,Depth3_36,"Sure but not everyone is cut out to go to a university, there are a lot of existing jobs and not everyone is good at one thing. There is diversification and that is what makes this world go on.",job,,4,,,
235,54,Depth4_201,Depth3_41,If everyone has equal opportunity to go to university then the majority of people will go. If there are fees in place then this will limit the number of people to those who feel a university degree would benefit their future career.,career,,4,,,
236,55,Depth4_203,Depth3_41,"They all go to school and get equal knowledge and opportunities, it is got nothing to do with the family background. Whilst at high school, student get all the information they need to go further",background,,4,,,
237,56,Depth4_212,Depth3_42,"A stakeholder interested in studying should not have a loan for it, because she knows she may not pay for the future work.",loan,,4,,,
238,57,Depth4_215,Depth3_42,"These low paid jobs will be only for a while, until they pay off the loan. Also, people learn things and gain different experiences from everything. In this way, they will learn how to be patient and persistent and also dedicated to their actual dreams.",loan,job,4,,,
239,58,Depth4_217,Depth3_42,"In my opinion, thanks to loans, the future master will actively seek work to pay off his debt",loan,debt,4,,,
240,59,Depth4_220,Depth3_43,But the economy will always be balanced this way. The government helps the ones who can't pay (the government would have to ensure they can't pay or have really high difficulties in paying) and those who can pay will have more income anyway to place into the economy.,government,,4,,,
241,60,Depth4_223,Depth3_43,University was never free and was always a high privilege to attend it so it should stay the same. There is an opportunity to take a loan and it is even better deal now as before the current scheme did not exist and ,loan,free,4,,,
242,61,Depth4_226,Depth3_43,In the past it was much harder to get into a university and we didn't have so many universities. Paying back the debt also goes into the economy. ,debt,,4,,,
243,62,Depth4_235,Depth3_44,"That's why there is a student loan, a government support for this difficulty which students will have to pay off afterwards, when they will have a job and are independent.",loan,job,4,government,,
244,63,Depth4_236,Depth3_44,People should analyze their financial situation first before getting a loan. If they drop out they only paid 1 semester so the loan is even smaller. Other option is to find a part time job to get extra income.,loan,job,4,,,
245,64,Depth4_238,Depth3_44,education loan gives plenty of time to student to repay the loan amount and students are allowed to work and study,loan,,4,,,
246,65,Depth4_245,Depth3_45,"But there are a lot of jobs that they can apply for in order to pay off the student loan. But the degree is an extra qualification, which is a serious plus to his CV and he will have more opportunities.",loan,job,4,,,
247,66,Depth4_251,Depth3_46,The loans provided from the government are designed to feature as a graduate tax. The government have to know they won't get the majority of the loans back. But a 'graduate tax' would be less popular with voters compared to 'student loans'.,loan,tax,4,government,,
248,67,Depth4_253,Depth3_46,"At least government is getting some of the money back, it is better for the economy than completely free University education",free,government,4,,,
249,68,Depth4_256,Depth3_46,"It would be better to make good grades and advancement semester by semester a condition of additional loans, making sure the worthy will get it and will have chances for better pay job and pay back.",loan,job,4,,,
250,69,Depth4_267,Depth3_51,But the loan also offers them the opportunity to do what their parents did not.,loan,,4,,,
251,70,Depth4_268,Depth3_51,"If they never went they may talk their kids out of it too whether there is a loan or not. Most parents are supportive regardless of the loans, it is not the loan that makes them not see the point in university",loan,,4,,,
252,71,Depth4_269,Depth3_52,"If a student is talented enough there are plenty of scholarships or foundations to help them. If not, they still can work and collect the amount.",scholarship,,4,,,
253,72,Depth4_271,Depth3_52,"Well, you cannot expect everything to be free, work hard, get a well paid job and you will not even feel that amount going out for repayment",free,job,4,,,
254,73,Depth4_273,Depth3_52,"A student that is willing to take that loan, is really willing to study hard and appreciates the value of the degree, in contrary with the one that got there easily, without thinking the importance of studying.",loan,,4,,,
255,74,Depth4_279,Depth3_53,The government should step out then and leave it to the banks to take the risk. Anyway with higher taxes and cheap education there would be plenty of educated unemployed to pay by the Government.,tax,government,4,,,
256,75,Depth4_287,Depth3_53,"Higher taxes would negatively affect anyone who did not go to university unfairly, making society pay for students who refuse to pay back their loans.",loan,tax,4,,,
257,76,Depth4_288,Depth3_53,"It is unfair to expect the whole of the country to pay for degrees without seeing the benefits, there are so many areas that need more funding that could cause the taxes to.increase that would offer more value than free university",free,tax,4,,,
258,77,Depth4_290,Depth3_54,But if there are more people that go to the university it means they can afford it. ,afford,,4,,,
259,78,Depth4_291,Depth3_54,"It is open and available for many, even for mature students. If you know want you want, taking loan will not stay on the way",loan,,4,,,
260,79,Depth4_292,Depth3_54,"This is another concern of the Government, but all people should have access to the same possibilities, whether they are disadvantaged or not.",access,government,4,,,
261,80,Depth4_295,Depth3_54,People also have higher paying jobs and they are already being taxed enough for other services.,job,,4,,,
262,81,Depth4_298,Depth3_54,"The debt doesn't count against someone's credit score and is largely ignored, if they started earning less they would stop paying it back. Percentage wise there are more people going to university",debt,,4,,,
263,82,Depth4_301,Depth3_55,There is no general issues to take the loan out if you reside in UK and the fee is only paid back after certain amount is earned and not earlier than one year after you get a degree,loan,,4,,,
264,83,Depth4_303,Depth3_55,"The students that really want to specialize in a field can find a part-time job for a while, which would lighten the burden of the loan.",loan,job,4,,,
265,84,Depth4_308,Depth3_55,"A degree is not a right, an opportunity to have one is. The loans are accessible and so people have the choice, if they are unwilling to take on the debt then they chose not to.",loan,debt,4,,,
266,85,Depth4_312,Depth3_56,The loans must depend on each person after completing the studies. And a person has to take the studies to develop in education to get a good job.,loan,job,4,,,
267,86,Depth4_315,Depth3_56,This forces the students to be more committed and show better effort in their education so they are ensured a better job.,job,,4,,,
268,87,Depth4_318,Depth3_56,It works for the people who get the jobs who can pay it back without negatively impacting those who do not get a well paid job. The less well paid people would be impacted more through an increase in all taxation than the current payback process.,job,,4,,,
269,88,Depth4_321,Depth3_61,"Then they can seek a degree abroad in cheaper locations in the EU, or look for scholarships and tuition fee waivers.",scholarship,,4,,,
270,89,Depth4_325,Depth3_61,The higher education with their commitment will also give them a better job and pay.,job,,4,,,
271,90,Depth4_327,Depth3_61,"There are student loans and extra help available to those who come from a lower financial background. If they want it badly, they will look around and take help from these options. ",loan,background,4,,,
272,91,Depth4_330,Depth3_62,A loan may not be good for a student but maybe ensures that the student will take advantage of higher education in the best way because he knows he's in debt.,loan,debt,4,,,
273,92,Depth4_336,Depth3_62,"However it will also help students weigh up their options, perhaps looking more at those that will lead to jobs with better salaries.",job,,4,,,
274,93,Depth4_338,Depth3_62,"If you get a non-returnable loan from school for very good academic results, you will not be worried about the money, if you are also resourceful, you will be looking for a casual job during a break in classes",loan,job,4,,,
275,94,Depth4_339,Depth3_63,"You do not need to pay straight away, the University is accessible as never before for everyone; young, mature, from less privileged backgrounds etc.",background,,4,,,
276,95,Depth4_341,Depth3_63,"Not everyone has to have a degree and there are cheaper ways to get a degree. Study abroad or work part-time, apply for funds or scholarships.",scholarship,,4,,,
277,96,Depth4_343,Depth3_63,"In this situation, the young person has to think seriously about his future and make some sacrifices for being able to pay off the loan, such as a part-time job.",loan,job,4,,,
278,97,Depth4_349,Depth3_64,"It is a part of being citizen, they use services such medical care, primary education for their kids, so by paying taxes they are contributing to the society as whole",tax,,4,,,
279,98,Depth4_353,Depth3_64,"Further education, although is not for everyone, so government should prioritize what is the best for everyone and education is free in a level that is thought to be required.",free,government,4,,,
280,99,Depth4_357,Depth3_64,"Our arms budget is low enough already, and if we were going to cut down taxes elsewhere, do you not agree it could be spent better for example, in the NHS? ",tax,,4,,,
281,100,Depth4_364,Depth3_65,Other countries have free higher education. Someone can have talent and therefore can get educated even if they don't have money. ,free,,4,,,
282,101,Depth4_368,Depth3_65,"I think if someone gets something for free, he does not appreciate it, if he pays for it from his own pocket, he respects it",free,,4,,,
283,102,Depth4_369,Depth3_66,"There is plenty Government support, it would be oblivious to think that you can get something without working hard. Even those who has good financial support from their families, have to study hard to gain good results. It is all about the knowledge what is available out there",government,,4,,,
284,103,Depth4_375,Depth3_66,That is a temporary condition and resolves itself once the students take that experience gained and get a job from it.,job,,4,,,
285,104,Depth4_380,Depth3_71,The better paid jobs come with a higher investment which is fair and risk worth taking.,job,,4,,,
286,105,Depth4_382,Depth3_71,"They would still end up earning more money with a better paid job, as it is only 9% of what they earn over a set amount. People should think about that before they take out a loan.",loan,job,4,,,
287,106,Depth4_386,Depth3_71,The quicker they pay it back then the less time they have the debt hanging over them. As they increase their salary then the loan will seem much more insignificant anyway. ,loan,debt,4,,,
288,107,Depth4_389,Depth3_72,"In my opinion, thanks to loans, the future master will actively seek work to pay off his debt",loan,debt,4,,,
289,108,Depth4_390,Depth3_72,"If the student does not have any other source of support, then this system is fair as it not forced and gives better jobs and salary for the debt incurred.",job,debt,4,,,
290,109,Depth4_393,Depth3_72,"Student loans allow further education for everyone, otherwise the funding would have to come from a graduate tax or a tax on everyone.",loan,tax,4,,,
291,110,Depth4_403,Depth3_73,"I agree in principle, however, a large proportion of the population will never go to university, therefore it would be unfair to let them pay for it through taxes.",tax,,4,,,
292,111,Depth4_404,Depth3_73,"Everybody pay taxes, so, you have a right to have access to university if you want.",tax,access,4,,,
293,112,Depth4_405,Depth3_73,Not everyone studies to be a doctor or teacher. We have to take some personal responsibility for this. Loans put the burden of paying only on those who chose to study it. ,loan,,4,,,
294,113,Depth4_412,Depth3_74,"It only takes that percentage once you earn a certain amount, it is a choice to take a degree and take on this debt. More information could be provided so people understand the financial ramifications.",debt,,4,,,
295,114,Depth4_416,Depth3_74,"There's no guarantee, but it puts you in a far better position. The amount deducted from your pay is actually relatively small, especially for a loan. ",loan,,4,,,
296,115,Depth4_417,Depth3_74,"It's better then apply taxes to everyone. With this system, only who wants to study needs to pay.",tax,,4,,,
297,116,Depth4_418,Depth3_74,"That's true, but if you will not find job with degree, you can always pay money back with longer time, with smaller interest.",job,interest,4,,,
298,117,Depth4_423,Depth3_75,"It's true that education is essential to better civilisation, but it IS accessible by all those who desire it. Nothing is impossible, there are plenty of options to earn money with a good job or even pay a loan.",loan,job,4,,,
299,118,Depth4_426,Depth3_75,There would be pressure to find a good job regardless - everybody needs money to live. The interest rates are much lower than normal loans. ,loan,job,4,interest,,
300,119,Depth4_427,Depth3_75,It is a good way of recent graduates to find a job quickly and the interest rates are not so high.,job,interest,4,,,
301,120,Depth4_433,Depth3_76,"There are loans about so no one pays fees up front anyway, only when they have secured a job. ",loan,job,4,,,
302,121,Depth4_434,Depth3_76,"Nothing is perfect in this life. You can get a decent job without a degree, but it's more difficult. You have more chanced if you have a degree.",job,,4,,,
303,122,Depth4_436,Depth3_76,"People can still get a well paid job if they don't go to university. They may have to work a little harder, but they should have been more careful and kept a good credit score anyway. ",job,,4,,,
304,123,Depth4_440,Depth3_81,"Other countries also value their education, although it is free, it is strictly necessary that students must pass all their courses and respect the meaning of free education, it is something that should not be compared so freely.",free,,4,,,
305,124,Depth4_446,Depth3_81,"Thanks to student loan programs, students are able to function normally and do not worry about additional expenses",loan,,4,,,
306,125,Depth4_447,Depth3_81,"Actually, the education is not free. Is free for the students, but the money comes from taxes. The taxes are low because Germany knows how to manage taxes very well.",free,tax,4,,,
307,126,Depth4_462,Depth3_83,"Exactly. If your income is less than a certain threshold, you won't have to pay back the loan. So if you cannot afford to serve the loan, you will not be forced.",loan,afford,4,,,
308,127,Depth4_465,Depth3_83,"Yes that is correct. However it is assumed that when you take out the student loan, that you do intend to get a good job and pay it back. ",loan,job,4,,,
309,128,Depth4_466,Depth3_83,"After graduation, many people get a much better job so they can afford to pay for loans. This is a normal bird in many European countries",loan,job,4,afford,,
310,129,Depth4_470,Depth3_84,"There is also the option of earning a scholarship true pure knowledge and efforts so, students don't necessarily need to put a load on their parents or themselves to get a good education.",scholarship,,4,,,
311,130,Depth4_471,Depth3_84,"That is why the loans are so flexible with when students can repay them. They can manage their current situation and once they get a better job after the degree with higher pay, they can repay the loan back.",loan,job,4,,,
312,131,Depth4_476,Depth3_84,"It's true that education is essential to better civilisation, but it IS accessible by all those who desire it. Nothing is impossible, there are plenty of options to earn money with a good job or even pay a loan.",loan,job,4,,,
313,132,Depth4_484,Depth3_85,I agree with A1 Free education would be wasted on some people. they should seek education in other schools,free,,4,,,
314,133,Depth4_486,Depth3_85,"Regardless whether education is a human right or not, making it free will only lower the quality available to everyone. Free education would be wasted on some people. ",free,,4,,,
315,134,Depth4_491,Depth3_86,"Each student has a different financial background and hence, it is fair to treat them differently based on their wealth.",background,,4,,,
316,135,Depth4_492,Depth3_86,"If they cannot repay the loan with their current income, they will not be forced. Everyone will pay according to their abilities, so that everyone can have a decent standard of living.",loan,,4,,,
317,136,Depth4_496,Depth3_86,Those who earn less must have greater help if the intent is to continue. It's Not beneficial for any student to have debts.,debt,,4,,,
318,137,Depth4_500,Depth3_91,The loans will be written off in the end and it is always a manageable rate to pay back meaning that it is affordable,loan,,4,,,
319,138,Depth4_504,Depth3_91,Young people choosing education should not have to take loans to learn. Science should finance the state to teach theoretically and practically its future employees.,loan,,4,,,
320,139,Depth4_505,Depth3_91,"In my opinion, it is an exaggeration to say that interest rates on student loans are high. For students there is a lower interest rate compared to other bank clients.
Going further, I do not agree that the loan repayment will take a very long time.",loan,interest,4,,,
321,140,Depth4_516,Depth3_92,"To say that they have little to no other options is disingenuous, there are many careers that do not require university education. If they wish to pursue a career path that requires a degree this is a commitment and choice they have to balance. ",career,,4,,,
322,141,Depth4_517,Depth3_92,"In that case, the students can get a job for one year at least before the university, to have a way to get access to a loan.",loan,job,4,access,,
323,142,Depth4_518,Depth3_92,"The interest rates are far lower than any other kind of loan. Contact time is generally quite low, so you could easily fit a job in around that. Plus, there are always other options available, such as apprenticeships. ",loan,job,4,interest,,
324,143,Depth4_523,Depth3_93,"there are no people in industrial occupations for this we have too many people behind the desk, they should seek education in other schools introduce school scholarships for poor but talented young people thanks to this, the willingness to learn will remain",scholarship,,4,,,
325,144,Depth4_526,Depth3_93,There are scholarships and the like that reduce the financial burden on bright students if they do not come from ideal economic backgrounds. ,scholarship,background,4,,,
326,145,Depth4_528,Depth3_93,There are grants and loans in place for that. It was announced recently that even universities like Cambridge are allocating extra places for low income students. ,loan,,4,,,
327,146,Depth4_533,Depth3_94,"What if the state invests in students with poor results if they do not learn well.
I think if someone gets something for free, he does not appreciate it, if he pays for it from his own pocket, he respects it",free,,4,,,
328,147,Depth4_535,Depth3_94,"I think that a college student who has financial problems always has the opportunity to receive a scholarship for the results of learning.
Additionally, he can also count on family help.",scholarship,,4,,,
329,148,Depth4_538,Depth3_94,"That's the responsibility of schools, not universities. They should make pupils aware of all the options available, such as scholarships. ",scholarship,,4,,,
330,149,Depth4_540,Depth3_95,"The loan doesn't count against their credit score and will be written off if they can't pay it back, so does not stop them from getting on with their lives ",loan,,4,,,
331,150,Depth4_544,Depth3_95,Student loans should be found and a subsidy system should be created which in later years could be received by the state in interest-free installments directly from wages and salaries.,loan,,4,,,
332,151,Depth4_545,Depth3_95,"The argument that not every student will find a financial situation to pay off the loan does not appeal to me, because in adult life you have to manage your finances in such a way as to be a plus.",loan,,4,,,
333,152,Depth4_550,Depth3_96,"Scholarships should take into account everyone's position so they provide the most benefit. If scholarships are for the extraordinary, then there can't be that many otherwise they are not extraordinary just good",scholarship,,4,,,
334,153,Depth4_553,Depth3_96,"If you get a non-returnable loan from school for very good academic results, you will not be worried about the money,
ÃÂ If you are also resourceful, you will be looking for a casual job during a break in the same classes you will be able to repair your budget",loan,job,4,,,
335,154,Depth4_558,Depth3_96,"it's possible, but not definite. They could always try other universities or subjects. Not to mention the option of studying abroad where scholarships are more readily available. ",scholarship,,4,,,
336,155,Depth4_561,Depth3_101,"The problem with no university fees is the possibility of overcrowding. Free education opens up institutions for everyone, while that is not a bad thing, this does cause the problem of overcrowding and too many on the same course. ",free,,4,,,
337,156,Depth4_562,Depth3_101,People who currently have poorly paid jobs and bad life choices are from a mix of backgrounds including people with degrees so that won't be gotten rid of.,job,background,4,,,
338,157,Depth4_564,Depth3_101,I come from a low income parent background and I see education a privilege and feel the value of paying for it keeps people in a stronger position for job prospects. Struggle sometimes is what makes people the best they can be.,job,background,4,,,
339,158,Depth4_571,Depth3_102,"Yes, you have a point but surely this would create an unequal society. Free education brings people from different cultures and backgrounds to the same school where the aspect of social class may play out. This has the risk of causing an unequal society.",free,background,4,,,
340,159,Depth4_572,Depth3_102,Debt is a way of funding things which would be hard or impossible to save for up front. The country itself is in significant debt and cannot afford to shoulder more debt just so uni students don't have to personally.,debt,afford,4,,,
341,160,Depth4_575,Depth3_102,"The current system of student loans does not affect credit rating and functions well as a ""graduate-tax"". This means only those who use it are charged and both they and the state are not overburdened.",loan,,4,,,
342,161,Depth4_576,Depth3_102,"Uni education should be paid for, if that means getting into debt then so be it. Tbh you get plenty of free time when at uni so go out & get a part time job or two to keep debt low. Too many students want to party, party, party",free,job,4,debt,,
343,162,Depth4_582,Depth3_103,That is making an enormous assumption based on a small number of candidates. Most people accept uni debt as part of the price of qualifying and adhere to repayment terms.,debt,,4,,,
344,163,Depth4_583,Depth3_103,"Yes student loans are only paid back when the person is earning a salary over a certain threshold. Therefore, the repayments will only be taken once the individual is in a decent job earning a reasonable amount of money.",loan,job,4,,,
345,164,Depth4_585,Depth3_103,"Student loan repayments are only charged over a certain 'earnings-threshold' and are canceled after 30 years and do not affect credit rating. They therefore behave more like a ""graduate-tax"" than a loan.",loan,,4,,,
346,165,Depth4_589,Depth3_104,The scholarships would be selective and so would have minimal effect of the impacts of the fees paid by paying students. Able students with lower incomes are able to benefit from the premium standard of education using subsidies from fee paying students,scholarship,,4,,,
347,166,Depth4_591,Depth3_104,"I am not saying this is for rich people only, I said exceptional student - this can be all backgrounds. ",background,,4,,,
348,167,Depth4_593,Depth3_104,"The fact that student loans are now available to everyone, actually makes education accessable to everyone and not just the rich: which used to be the case many years ago.",loan,,4,,,
349,168,Depth4_605,Depth3_105,This seems pointless. Graduates pay a percentage of their earnings after graduating. Is it not fairer to charge them based on how wealthy they become after graduating rather than how wealthy their background is?,background,,4,,,
350,169,Depth4_606,Depth3_105,Unless you earn the right to a scholarship then you should pay tuition fees & pay it back once earning a certain amount,scholarship,,4,,,
351,170,Depth4_609,Depth3_106,"If students are keen to go to university, they can apply for a scholarship to lessen / negate any loans. Loans can be paid off dependent on their circumstances. A good degree will achieve a higher rate of pay over time and improve prospects",loan,scholarship,4,,,
352,171,Depth4_611,Depth3_106,"However, the debts and interest rates will just get passed onto others via increased taxation. ",interest,debt,4,,,
353,172,Depth4_620,Depth3_111,Student loans should be available for everyone. It gives people a better chance in life to succeed in a career they want to achieve. Money should be irrelevant when it comes to people's ambitions and education.,loan,career,4,,,
354,173,Depth4_622,Depth3_111,"Loans will be available to all applicants and the payments will be means tested, so you will only ever be paying back an amount you can afford. The education will mean people can earn higher salaries and be less likely to live a life in debt.",loan,debt,4,afford,,
355,174,Depth4_625,Depth3_111,"The debt that they get into will be minimal compared to the salary from a good job, earned through achieving a degree. So it will be affordable to pay back and they will not notice the repayments. ",job,debt,4,,,
356,175,Depth4_633,Depth3_112,Courses and apprenticeships are a good alternative to a university degree for those from low income families. Scholarships should still be made available for those who demonstrate academic ability. Society gains as a whole from an educated population and the government should invest in this. ,scholarship,government,4,,,
357,176,Depth4_635,Depth3_112,It is ultimately the learners choice how they wish to gain further education. I think the fees and scholarship program will help motivate students who really want to study. ,scholarship,,4,,,
358,177,Depth4_636,Depth3_112,I think the prestige of a good university scholarship plus be more attractive to potential students,scholarship,,4,,,
359,178,Depth4_646,Depth3_113,That is not true as better qualified people will enable companies to be more productive and the government therefore benefits from increased taxes on company profits,tax,government,4,,,
360,179,Depth4_647,Depth3_113,"The majority of students that leave the university will be earning enough, which means the interest they pay back on their loans will cover the cost of the unpaid loans from others. This levels the debt but leaves the country better educated ",loan,interest,4,debt,,
361,180,Depth4_648,Depth3_113,Low income families wouldnt even consider uni if they didnt have the student loan. If removed then they wouldn't be given a fair a chance,loan,,4,,,
362,181,Depth4_653,Depth3_114,"Before taking out a loan, it should be compulsory to attend a meeting/lecture on what the loan entails and the debt that will accrue over time. without knowledge of this, financial pressure once leaving university could lead to further problems. ",loan,debt,4,,,
363,182,Depth4_656,Depth3_114,"People will only save up to go to university if they can afford, if people save this is not the fault of the loan system",loan,afford,4,,,
364,183,Depth4_657,Depth3_114,"Students cannot be blamed for flaws within the loan systems, this is the loan company's issue that needs to be corrected to allow people from all economic groups to be able to afford to better themselves",loan,afford,4,,,
365,184,Depth4_659,Depth3_115,It is understandable that it is a concern that people need to consider if they can afford it but a student loan is an investment in themselves and their future,loan,afford,4,,,
366,185,Depth4_666,Depth3_115,"Tuition fees are no the only factor accommodation costs are also a factor and this is no different to the housing market, I won't take a similar job in London because I couldn't afford to live their or commute from where I live know",job,afford,4,,,
367,186,Depth4_667,Depth3_115,"Although I take this on board, loan companies do offer maintenance loans to pay for daily living costs, students can get part time jobs and many universities do offer grants to students from low income backgrounds to encourage people from all backgrounds to access further education ",loan,job,4,access,background,
368,187,Depth4_669,Depth3_116,There are plenty of options to develop in a career path without university but if they wish to find a career that needs the formal education then they have that choice,career,,4,,,
369,188,Depth4_673,Depth3_116,"Not all 'good careers' require further study after 18. As long as the options are there, either way, young people should be encouraged to make the most of their talents, skills and passions.",career,,4,,,
370,189,Depth4_674,Depth3_116,No but further education leads to better jobs and also gives them more experience in life.,job,,4,,,
371,190,Depth4_679,Depth3_121,"The career they will end up in as a result of studying at university will be much higher paid than if they did not pursue these qualifications, so it is way worth it in the end.",career,,4,,,
372,191,Depth4_681,Depth3_121,"If they do not earn enough to repay the fees, they do not have to repay them until they do earn enough, thus, it does not present any financial strain on those who are concerned about loan repayment. ",loan,,4,,,
373,192,Depth4_687,Depth3_121,"Exactly, most people do not get jobs related to their degree and so fees are good for ensuring greater focus on people's careers. If fees were abolished the problem would be far worse.",job,career,4,,,
374,193,Depth4_689,Depth3_122,"So many people change their minds or waste their time and education during A-Levels (which are free), so having to pay for a higher education ensures they really do pick the right path and don't waste teachers' / lecturers time.",free,,4,,,
375,194,Depth4_691,Depth3_122,"The fees are a necessary part of going to university. The university must be able to sustain itself without relying wholly on the government. Those who lie in lower economic groups will be heavily subsidised by grants and extra student loans, therefore university is accessible to all, despite economic background.",loan,government,4,background,,
376,195,Depth4_698,Depth3_122,There is plenty of external help for hard to access careers for those who have the drive to work hard in the first place. This ensures the most passionate and motivated people are rewarded for their hard work.,access,career,4,,,
377,196,Depth4_699,Depth3_123,Access to such advice is not mandatory but should unquestionably be offered for such a huge life changing decision. ,access,,4,,,
378,197,Depth4_702,Depth3_123,"It is a choice, students can choose not to go to university and avoid the debt. In the same way, they can choose to go and sign up for the debt if it means they will have more opportunities later on. Students are not compelled to take HE pathways. ",debt,,4,,,
379,198,Depth4_703,Depth3_123,The student loan system for tuition fees is paid back at a small percentage depending on the individuals earnings. ,loan,,4,,,
380,199,Depth4_707,Depth3_123,Yes but that money isn' payable until they are earning above a certain threshold in their career and therefore should not put them off applying to university.,career,,4,,,
381,200,Depth4_712,Depth3_124,"If people are really put off by the debt, then they will be comfortable accessing an alternative to higher education, like an apprenticeship or a job. The debt burden is part and parcel of getting access to the opportunities that graduates have over people without a degree. ",job,access,4,debt,,
382,201,Depth4_716,Depth3_124,"Loans which are for university purposes have a lower interest rate than your typical loan. Therefore, again if they get a good job it should not be hard to pay back.",loan,job,4,interest,,
383,202,Depth4_717,Depth3_124,Yes but it is only repayable above a certain threshold and if the person never attains that threshold the debt will be erased.,debt,,4,,,
384,203,Depth4_724,Depth3_125,"We have to give everyone equal chance to succeed and end up with the best job they can, naturally there will be those who reach the top, and those who don't. ",job,,4,,,
385,204,Depth4_726,Depth3_125,Student's tend to go to university to study a topic they are passionate about not just for courses which are going to get them a job with the highest of high payment.,job,,4,,,
386,205,Depth4_727,Depth3_125,You cannot only charge fees for certain degrees as that would have far reaching consequences. People working in lower paid jobs may never have to repay any of the loan anyway if they do not earn above the threshold.,loan,job,4,,,
387,206,Depth4_735,Depth3_126,There would still be a shortage if most young people decided to go to university instead of going into more vocationally and apprenticeship type jobs. ,job,,4,,,
388,207,Depth4_736,Depth3_126,But if every student had the opportunity to go to university for free most would take it and some will not actually take the course seriously resulting in poor qualifications. There are also people who prefer working in construction.,free,,4,,,
389,208,Depth4_740,Depth3_131,"The loan repayments are affordable, have a low interest level and proportionate to wages therefore it won't be vast repayments as such ",loan,interest,4,,,
390,209,Depth4_744,Depth3_131,There isn't the public funding available to offer free university places to the growing number of students who wish to stay in education and achieve degrees.,free,,4,,,
391,210,Depth4_748,Depth3_131,Then tax payers have to pay for them instead and will also have less expendable income,tax,,4,,,
392,211,Depth4_749,Depth3_132,"If an individual is motivated to become something through going to university, fees and repayment will not stop them because student loan will help them and at the end of the course, they will be earning a good amount ",loan,,4,,,
393,212,Depth4_750,Depth3_132,"Those jobs you mention are vocations, people who chose to study them have thought about fees in making their decision. ",job,,4,,,
394,213,Depth4_751,Depth3_132,"The fees cover the experience you will gain, you cannot get education and improve yourself for free. The life time benefits in terms of experience, well being and income increases from being in a high paid profession are worth it",free,,4,,,
395,214,Depth4_764,Depth3_133,Because it is impossible to begin selecting which jobs are morally good enough that they deserve to have their fees scrapped. Everyone will have their own opinion as to which jobs contribute back to society.,job,,4,,,
396,215,Depth4_766,Depth3_133,Everyone who has a job is contributing to society and to the economy so I'm not sure why those professions should be singled out. It costs the university money to teach them and it costs the government money to provide financial support so why should this not be repaid,job,government,4,,,
397,216,Depth4_767,Depth3_133,"They have used a service to train them for their chosen career, so why should you not pay for a service.",career,,4,,,
398,217,Depth4_773,Depth3_134,"Although all sorts of careers are useful in society, some are harder to get into",career,,4,,,
399,218,Depth4_774,Depth3_134,"University fees are the same for everyone across the board (at the same university). If a person from a lower-income background is talented enough, they will have the same chances of getting the job.",job,background,4,,,
400,219,Depth4_785,Depth3_135,"If a degree is not needed to do a certain job then it is personal choice to progress down that path, and they should accept the fees.",job,,4,,,
401,220,Depth4_793,Depth3_136,"If young peoples university fees are paid for, there will be many students studying courses that they are not fully interested in because they will not have the question of whether university is worth being in debt for in their mind",debt,,4,,,
402,221,Depth4_794,Depth3_136,I agree. The education in high schools/colleges should give the advantages and disadvantages of both university education and apprenticeships. Some people will benefit from learning on the job rather than academia.,job,,4,,,
403,222,Depth4_796,Depth3_136,"I agree that university is not the answer to everything and there are many career avenues available, however for those who want to go it only seems fair that they pay for this service",career,,4,,,
404,223,Depth4_797,Depth3_136,"Other people shouldn't have increased taxes due to free education , if you want to go to university it is your choice so you should be accountable for the fees.",free,tax,4,,,
405,224,Depth4_799,Depth3_141,"you don't have to pay the debt off until you're earning a certain amount and even when you do, it's a tiny fraction, still giving you enough money to live off",debt,,4,,,
406,225,Depth4_801,Depth3_141,You don't have to repay the debt at an unrealistic rate if you do take the loan you would find the repayment manageable even on lesser earning jobs,loan,job,4,debt,,
407,226,Depth4_804,Depth3_141,the interest rates will be very low so students who go on to graduate and get good jobs will be paying back the loan at a cheaper rate than if they took out a loan elsewhere to keep studying. ,loan,job,4,interest,,
408,227,Depth4_811,Depth3_142,Everyone does have a choice on what they want to do if you are not happy in your job you are entitled to move,job,,4,,,
409,228,Depth4_813,Depth3_142,"by choosing to complete a degree increases maturity, life experiences and a passion for your job",job,,4,,,
410,229,Depth4_814,Depth3_142,those in a non stem field can still get good jobs and it is only when they earn a certain amount they will start paying off their loan slowly. ,loan,job,4,,,
411,230,Depth4_820,Depth3_143,"Not everyone goes to university though, which is annoying for them because they would be paying much higher taxes for something they do not care about",tax,,4,,,
412,231,Depth4_821,Depth3_143,University is not an essential service it is higher education. If that was the case then everyone should have access to university regardless of exam results. It's just not feasible ,access,,4,,,
413,232,Depth4_824,Depth3_143,"Plain and simple those who study at university need to pay the services, we have had student loans for decades now. Not everyone wants to study at university and will probably work and pay taxes anyway, ",loan,tax,4,,,
414,233,Depth4_831,Depth3_144,Student loans are vital for those not in positions to pay for tuition fees upfront it has a much more positive factor than a negative factor. The fact it allows people who wouldn't usually be able to go to go can have a great benefit to society ,loan,,4,,,
415,234,Depth4_833,Depth3_144,I dont believe people go to university clueless. They have chosen to follow a career path that a lot of thought has gone into.,career,,4,,,
416,235,Depth4_835,Depth3_144,Free university education would encourage even more of what you have just suggested (people going to university without any idea where they're heading).,free,,4,,,
417,236,Depth4_839,Depth3_145,"if they don't get a ""good"" job, then they don't have to pay back their debt until they do. Being university schooled, they should be able to get a better job when it becomes available, ",job,debt,4,,,
418,237,Depth4_845,Depth3_145,The students will only ever have to pay back the loan at a rate they they can reasonably afford.,loan,afford,4,,,
419,238,Depth4_848,Depth3_145,that should not be sufficient argument to increase the tax burden on all in society. surely your argument supports limiting places in universities to prevent overcrowding in the graduate market?,tax,,4,,,
420,239,Depth4_852,Depth3_146,"There is no rush to pay it back, it is just like tax. Automatically taken after a certain income",tax,,4,,,
421,240,Depth4_855,Depth3_146,"As I have pointed out earlier, the graduates will not have to worry if they don't get a job because this will likely mean they aren't earning enough to pay the loan back.",loan,job,4,,,
422,241,Depth4_858,Depth3_146,"But once university finished there should not be a requirement for post graduates to be supported through means other than those in wider society, unemployment benefit and the like. There are huge 8ncentives for students from poorer backgrounds but this should not go further.",background,,4,,,
423,242,Depth4_860,Depth3_151,"The debt is only paid back once you earn over a certain figure, this is then repaid at 9% of the amount over this figure. Earning less than this will mean you never have to repay your loan.",loan,debt,4,,,
424,243,Depth4_862,Depth3_151,"Student fees are less like a debt and more like a tax, and the government is very lenient on how they are paid back. People who want a university education should be willing to accept the fees as something that is necessary. ",tax,government,4,debt,,
425,244,Depth4_866,Depth3_151,Fees help students to value education and take it seriously. It gives them an insight into the real world and helps them recognise that not everything will be free and they will indeed have to work for it.,free,,4,,,
426,245,Depth4_872,Depth3_152,"It doesn't matter whether or not they have their own expenses to deal with, as they will only have to pay back university loans after they start making a certain amount of money, and after around 30 years the debt is dropped completely anyway.",loan,debt,4,,,
427,246,Depth4_875,Depth3_152,There is lots of finical support for a young person during there time studying. A young person should be encouraged to have a part time job as well as studying as this prepares them for working life.,job,,4,,,
428,247,Depth4_878,Depth3_152,There is a bursary which provides a basic amount for expenses. Depending on the course a part time job might not be too intrusive on study and class time.,job,,4,,,
429,248,Depth4_880,Depth3_153,"After 30 years the debt is wiped from the record, meaning that even if they don't fully repay their loan after this amount of time they do not need to worry about it.",loan,debt,4,,,
430,249,Depth4_882,Depth3_153,"It doesn't even matter if it's impossible to pay back, because after a while the government won't make you pay it back anyway. Even when you do pay it back after you're making a certain amount of money per year, only a small amount is taken each month.",government,,4,,,
431,250,Depth4_883,Depth3_153,"As discussed previously, this is only paid above a threshold for a certain amount of time. This means that the government is having to supplement this proportion that hasn't been paid off. Although the interest accumulates, this doesn't influence the repayments taken from salaries.",interest,government,4,,,
432,251,Depth4_902,Depth3_155,"Working part-time should not affect the work of a student who is smart enough to earn a scholarship, if it does it is up to that student not to let it get in the way of their work. ",scholarship,,4,,,
433,252,Depth4_906,Depth3_155,Yes but government support through maintenance loans relives the burden on the individual so they do not have to heavily rely on the income from a part time job. Students are not being left to fend for themselves.,loan,job,4,government,,
434,253,Depth4_907,Depth3_155,"Removing the university fees wouldn't increase their income, as they wouldn't see any of the ÃÂÃÂ£9000 debt being saved",debt,,4,,,
435,254,Depth4_910,Depth3_156,"With free education the shortfall will leave universities under funded and under staffed, this will lead to poorer teaching and performance from students as less contact time would be able to be provided.",free,,4,,,
436,255,Depth4_917,Depth3_156,"Everyone already has the chance to gain higher education, as loans are provided on a sliding scale",loan,,4,,,
437,256,Depth4_918,Depth3_156,The money collected from student loan repayments is crucial to fund universities as more people than ever before now go to university.,loan,,4,,,
438,257,Depth4_920,Depth3_161,That's why student loan is given to them whilst they are in university so that they do not have to worry about it ,loan,,4,,,
439,258,Depth4_921,Depth3_161,"University fees allow students who are serious about gaining higher education proceed further in their education. It also eliminates those who are prolonging getting a job, from milking the ÃÂ¢Ã¢ÂÂ¬ÃÂfree fees' process. ",free,job,4,,,
440,259,Depth4_927,Depth3_161,"But education has to be paid for and people need to understand that if you benefit, you should contribute. It devalues something to get it for free.",free,,4,,,
441,260,Depth4_931,Depth3_162,This allows the student who take advantage of the loans to get on their feet and make repayments when their financial situation allows them too. ,loan,,4,,,
442,261,Depth4_935,Depth3_162,"Everyone can apply for student loan, no one needs to be in financial difficulty to be able to qualify ",loan,,4,,,
443,262,Depth4_936,Depth3_162,Students can always get part time work to help prevent financial hardship and their parents usually have good careers nowadays.,career,,4,,,
444,263,Depth4_939,Depth3_163,The government is subsiding the lifetime income benefit to the individual who gets a degree by subsidising their degree. Kids who don't go to university however get nothing in the way of subsidy. This is grossly unfair.,government,,4,,,
445,264,Depth4_944,Depth3_163,Without the tuition fees it would not be sustainable for the government to fund any person wanting to attend university.,government,,4,,,
446,265,Depth4_949,Depth3_164,Scholarships are designed to reward excellence and fund unusual talent. Higher education is not a right. ,scholarship,,4,,,
447,266,Depth4_950,Depth3_164,"Which will help them survive throughout university and then eventually pay off the loans they have borrowed, in small amounts ",loan,,4,,,
448,267,Depth4_955,Depth3_164,Yes there are free scholarships as well well as loans and Grant's so there is no excuse as to why someone who really wants to go to university cannot get there ,loan,free,4,scholarship,,
449,268,Depth4_959,Depth3_165,"Not everyone can have a good job. There is dignity in all work, not just work that requires a degree. Vocational training has been massively underfunded in this country in order to subsidise increased access to higher education. This is inequitable",job,access,4,,,
450,269,Depth4_960,Depth3_165,That is why student loan offers to pay tuition fees and gives out maintenance loan to cover all university related costs ,loan,,4,,,
451,270,Depth4_964,Depth3_165,"Not all education can be free. Education should be free up until university level, and then it should only be the most capable students that are able to access university courses. Not everyone wants to attend university. ",free,access,4,,,
452,271,Depth4_966,Depth3_165,In the long run they will have a better chance of gaining a qualification in their chosen career.,career,,4,,,
453,272,Depth4_967,Depth3_165,It's really hard to know who there is who would like an education but can't afford it. You can go part time and do shorter courses if you aren't able to commit the time and money to a full time degree.,afford,,4,,,
454,273,Depth4_969,Depth3_166,"If you can pay, you should pay, regardless of your talent. Children who come from wealthy backgrounds are more likely to be coached for scholarship examinations and thereby outperform children from deprived backgrounds with more talent. This isn't meritocracy, it's disguised privilege",scholarship,background,4,,,
455,274,Depth4_972,Depth3_166,"Apart from scholarships there are other forms of financial support, and lower economic students receive a higher amount of student loan if they need it",loan,scholarship,4,,,
456,275,Depth4_974,Depth3_166,"If a student is determined, they should be able to take a part time job or save up to assist themselves. It should not be the responsibility of the taxpayer to send everyone to university, people need to take responsibility for their own success. ",job,,4,,,
457,276,Depth4_977,Depth3_166,"Well, it's not only about young people. a lot of students are older, returning to education to change careers or out of interest. And they often do save up, but equally, they are more savvy about taking out a low interest loan backed by the government.",loan,interest,4,government,career,
458,277,Depth4_980,Depth3_171,"People are in debt for many different reasons e.g. a mortgage, car loans, credit card debt. Its a good sacrifice to make for your education",loan,debt,4,,,
459,278,Depth4_984,Depth3_171,"The whole point of going to university to further your education is that you will be able to secure a better job, particularly if you get qualifications in a specific field.",job,,4,,,
460,279,Depth4_986,Depth3_171,"That is very much incorrect. In UK, you will not be in debt for the rest of your life, the debt will be written off 30 years from the first April after graduation, and this is a government policy.",government,debt,4,,,
461,280,Depth4_990,Depth3_172,"People may have savings, and if they are really struggling financially, the access to loans is always there",loan,access,4,,,
462,281,Depth4_992,Depth3_172,Often the loan system favours those who's parents cannot afford to help them out as they receive a higher maintenance loan. There is also additional support available from universities themselves in the form of department specific bursaries,loan,afford,4,,,
463,282,Depth4_993,Depth3_172,Balancing time at university whilst studying can be achieved and in cities there are an abundance of part-time jobs or students. Most universities have working opportunities for students as well that respect study commitments and are flexible in that way. ,job,,4,,,
464,283,Depth4_995,Depth3_172,Apprenticeships are a better way of going about things now because you CAN earn learn and live without the debt in the future,debt,,4,,,
465,284,Depth4_1004,Depth3_173,"I think though this comes down to the definition of afford. If a student can't afford to go out every night, that is one thing, if they can't afford to live or pay rent, or their family will have to go without, that is another.",afford,,4,,,
466,285,Depth4_1006,Depth3_173,This is why our government has policy of paying back according to their earning level after university.,government,,4,,,
467,286,Depth4_1009,Depth3_174,"Being educated is also of value to the individual also, having a university education allows them to get a good job with good money. ",job,,4,,,
468,287,Depth4_1010,Depth3_174,The fees allow students to really be motivated about the subject and career choice which in turn will lead to a more motivated and educated professional,career,,4,,,
469,288,Depth4_1015,Depth3_174,In the long term this would work because of the multiplier effect but in the short term this would be costly for consumers and the government and as the government are already in debt this wouldn't happen,government,debt,4,,,
470,289,Depth4_1022,Depth3_175,"It is not demeaning - these loans and assistance are often not available to those from more affluent backgrounds who will also leave with the same amount of debt. Even with more affluent parents, these parents will not be able to afford to completely repay the debt for their children",loan,background,4,debt,afford,
471,290,Depth4_1023,Depth3_175,If the student wishes to go to university to that extent then applying for scholarships and financial help should not deter them and in most instances can be kept anonymous. ,scholarship,,4,,,
472,291,Depth4_1025,Depth3_175,This means that people from affluent backgrounds will get higher qualifications and acquire higher paying jobs so their whole family will become more and more affluent and the inequality gap will begin to increase,job,background,4,,,
473,292,Depth4_1032,Depth3_176,The debt is not noticeable from day to day as it would be with a credit card or traditional loan. It is taken from wages before tax and is often a very insignificant amount each month. ,loan,tax,4,debt,,
474,293,Depth4_1033,Depth3_176,"Yes however, they are more likely to enter a more highly paid job and therefore it will benefit them more in the long run. The knowledge gained from a university degree is priceless and will benefit the individual in better social, communicative and life skills. ",job,,4,,,
475,294,Depth4_1036,Depth3_176,"This debt will not contribute to their credit score or anything, It will not affect their NI, taxes, mortgages or anything",tax,debt,4,,,
476,295,Depth4_1040,Depth3_181,"The amount per month that you have to pay back isn't a lot, it will be taken out of your pay just as your taxes are so many people won't even notice it",tax,,4,,,
477,296,Depth4_1053,Depth3_182,Students should also get a part time job to help pay for living expenses so to minimise other loan taking.,loan,job,4,,,
478,297,Depth4_1054,Depth3_182,part of university is money management. many students do get a part time job to help support other costs not just more debt,job,debt,4,,,
479,298,Depth4_1058,Depth3_182,Students have been able to take part time jobs to assist with fees for living and travel expenses - there is no need to take out other loans,loan,job,4,,,
480,299,Depth4_1059,Depth3_183,"You argument makes no sense; I have not stated that everyone will have access to everything. Unless you are assuming the poor are less academically capable? Even if they have had less experience with formal learning, it's entirely reasonable a university should adjust its teaching style to different people.",access,,4,,,
481,300,Depth4_1065,Depth3_183,Everyone won't have access to everything. It's right that there is a criteria in place to be able to provide education as in a lot of things in life but there will always be the exceptional cases where further consideration is required,access,,4,,,
482,301,Depth4_1067,Depth3_183,Everyone should be able to access high quality education. By paying for fees we can have more resources to support everyone so that the field is level as everyone deserves equal opportunity ,access,,4,,,
483,302,Depth4_1070,Depth3_184,If university fees deter some students from studying at university then perhaps they aren't passionate enough about that particular course or career to begin with,career,,4,,,
484,303,Depth4_1071,Depth3_184,"debt can be used in a positive way and negative way. if you're using debt to get an education in order to get a higher paid job for the future, i would call it an investment! ",job,debt,4,,,
485,304,Depth4_1078,Depth3_184,Again students can take a part time job - wages are also rising which should counter the effect of the interest rate on the university loan rising,loan,job,4,interest,,
486,305,Depth4_1081,Depth3_185,"so if parents are willing to help their children with the university fees then thats great, if they can't, thats where the scholarships and/or loans are available, ",loan,scholarship,4,,,
487,306,Depth4_1083,Depth3_185,The student should look into and be made aware of the costs of further education and learn to manage their money. They will need to manage their money later on when they get a job.,job,,4,,,
488,307,Depth4_1085,Depth3_185,Parental income while as consideration is not the main criteria for a loan and students should have enough about then to obtain part time work to support and contribute to their loan.,loan,,4,,,
489,308,Depth4_1102,Depth3_191,I know what you're saying but the fees maintain that element of people going to University who actually want to be there. The fact it costs money motivates them. Without that you'd have people going to University for the wrong reasons because it's free. ,free,,4,,,
490,309,Depth4_1104,Depth3_191,Having the loans also helps you in later life because you can pay the debt back and by doing this you are strengthening your credit score,loan,debt,4,,,
491,310,Depth4_1105,Depth3_191,The current system shows that the government does in fact care. If the education you receive doesn't get you into a job above the payment threshold then you never pay a penny back towards the fees.,job,government,4,,,
492,311,Depth4_1112,Depth3_192,It's not about who can pay the most' it's about ensuring University resources are used properly and provided to those who want them. By maintaining fees but with concessions for students from poorer backgrounds provided they hit criteria then you maintain the standard,background,,4,,,
493,312,Depth4_1116,Depth3_192,"If a person is able to afford university education, then they should see it as an investment in their future. I degree should never be thought of as devalued on the terms of finances. ",afford,,4,,,
494,313,Depth4_1117,Depth3_192,"I agree that concessions should be there to distribute wealth and access to education fairly, however those that can afford to pay should. A degree is central to accessing a lot of careers and is therefore a valuable commodity. ",access,career,4,afford,,
495,314,Depth4_1122,Depth3_193,I couldn't disagree more. This is a loan which has been necessary for these students to better themselves. They shouldn't then be penalised by having this held against them in terms of a credit rating or by having to pay it back before they're able to do so. ,loan,,4,,,
496,315,Depth4_1123,Depth3_193,"The student fee debt is something anyone with a degree will encounter. It is repayable and again, shows you have received a quality education which will allow you to get a better job.",job,debt,4,,,
497,316,Depth4_1125,Depth3_193,"That would cause a very dangerous system where our university funding scheme actually DOES bring barriers along with it, not to mention pressure to earn post-university to pay these loans off. The current fees system is very fair.",loan,,4,,,
498,317,Depth4_1132,Depth3_194,"Then we need to look at making the scholarships more inclusive and the loans able to cover more than just fees. However, the principals behind these need to stay the same ",loan,scholarship,4,,,
499,318,Depth4_1133,Depth3_194,There are loans to cover fees and accommodation - this is something that is open to all.,loan,,4,,,
500,319,Depth4_1142,Depth3_195,They do yes but they only pay it back when they are able to do so. It's not ideal having to take out so much of a loan but at least this still gives them the access to higher education they desire,loan,access,4,,,
501,320,Depth4_1146,Depth3_195,"Students using student loans are able to progress through university education without the financial burden of having to pay back the loan, until they are earning a reasonable wage. ",loan,,4,,,
502,321,Depth4_1147,Depth3_195,"If the degree is worth doing then they should find a way to afford it, by working alongside it for instance. ",afford,,4,,,
503,322,Depth4_1153,Depth3_196,The skill sets are not only available to those who can afford it - Loan and grant systems allow for sustainability within colleges,loan,afford,4,,,
504,323,Depth4_1154,Depth3_196,in all walks of life you will need to spend money on your job/ career so why not start by doing that for your education ,career,,4,,,
505,324,Depth4_1155,Depth3_196,"Everybody can afford to pay for it, as we have a system called the Student Loans Company. The terms of repayment for which make it an incredibly fair system for all backgrounds.",loan,background,4,afford,,
506,325,Depth4_1157,Depth3_196,That is why the loan system exists so that there is an equality of access. ,loan,access,4,,,
507,326,Depth4_1162,Depth3_201,"But if they do not have a job, they are not paying anything back. The repayments are not based on the amount of debt+interest outstanding, only a proportion above what they earn. ",job,,4,,,
508,327,Depth4_1163,Depth3_201,"Well, obtaining a university degree allows for easier access to jobs, and after a certain amount of time if a student does not reach the salary threshold for repaying then the debt is abolished.",job,access,4,debt,,
509,328,Depth4_1165,Depth3_201,"But if you never reach the income level, it is never repaid and therefore the interest level is irrelevant.",interest,,4,,,
510,329,Depth4_1170,Depth3_202,If youre earning the basic income then you have enough money for a small percentage to go towards your student loan repayment,loan,,4,,,
511,330,Depth4_1174,Depth3_202,"You currently only payback fees if you are earning over Â£21,000 which considering that the average wage in the UK is Â£17,000 this is entirely fair although I do agree with you about the interest rates being too high.",interest,,4,,,
512,331,Depth4_1179,Depth3_203,Those jobs will also be higher earning jobs and therefore the person will pay the money back sooner,job,,4,,,
513,332,Depth4_1180,Depth3_203,The fees ensure that people are really passionate about the career they are studying because they're willing to pay that much money for it. This means they'll be a more valuable and motivated employee in the future,career,,4,,,
514,333,Depth4_1181,Depth3_203,Yes it could but the money obtained in a good job made possible through higher education could do the same.,job,,4,,,
515,0,Depth5_1,Depth4_1,universities may become redundant if job that require a degree need to be reimbursed buy the employer but equally they should have some incentives to get people into the jobs without the risk of debt,job,debt,5,,,
516,1,Depth5_2,Depth4_1,"the repayment of the loan would not necessarily be easier as this is dependent on personal circumstances , if it's a mature student they may have got into increased debt putting themselves through the training and still having to pay a mortgage and support a family",family,loan,5,debt,,
517,2,Depth5_4,Depth4_1,a degree will give you lots of knowledge you can bring to the job experience can be gained,job,,5,,,
518,3,Depth5_6,Depth4_15,the government could give out grants to specific companies to pay for people to have the degree and if they say don't pass then they have to repay the grants,government,,5,,,
519,4,Depth5_7,Depth4_15,not everyone who pays taxes uses benefits but this is still provided to people that need it using the tax payers money,tax,,5,,,
520,5,Depth5_10,Depth4_15,"a small increase in taxes would cover the vast majority of university fees . in addition , we could tax corporations or the rich , rather than individuals , to cover the cost .",tax,,5,,,
521,6,Depth5_12,Depth4_27,if you are willing to get into debt to invest in your future you shouldn't be penalised by having to pay interest,interest,debt,5,,,
522,7,Depth5_15,Depth4_27,"the student loan is a burden you have to carry throughout a lot of your professional and working life , which hinders your ability to live comfortably and puts pressure on individuals to find a good paying job",loan,job,5,,,
523,8,Depth5_17,Depth4_40,the option to develop skills and better yourself should be easily accessible to everyone and not just people who think it will be easy to pay debt back,debt,,5,,,
524,9,Depth5_22,Depth4_57,the government should be investing in the people instead of paying the politicians ridiculous salaries,government,,5,,,
525,10,Depth5_25,Depth4_57,"by putting money into education and supporting students who wish to gain a better education , we will have a more educated society who are less likely to be a government burden in the future ( i.e . there should be less unemployed and healthier people )",society,government,5,,,
526,11,Depth5_30,Depth4_66,"having a creative and diverse society is essential to our economy that relies on numerous industries and skills . making education free , regardless of the subject , allows us to produce people who are leaders in all fields , which helps our economy to flourish .",society,free,5,,,
527,12,Depth5_31,Depth4_3,the amount of money you have to make in a job to pay back tuition fees is too high for the average person .,job,,5,,,
528,13,Depth5_39,Depth4_16,"that is a valid point . however , abolishing university fees does not have to mean higher taxes . we need to look for ways that universities can source money from other means rather than putting students into crippling debt .",debt,tax,5,,,
529,14,Depth5_42,Depth4_29,the interest rate does not matter considering only the higher salaries repay anyway . it is just another tax .,interest,tax,5,,,
530,15,Depth5_43,Depth4_29,i do n't think a 0 % interest rate would be beneficial to the uk 's economy but by lowering the interest rates i reckon it might help to boost the uk economy .,interest,,5,,,
531,16,Depth5_44,Depth4_29,but is that even possible ? surely abolishing student fees would cut out the middle man and reduce the burden on every body . why reduce the interest when you could just scrap them altogether ?,interest,,5,,,
532,17,Depth5_51,Depth4_61,the fees are so high only doctors and solicitors can afford to pay fees back,afford,,5,,,
533,18,Depth5_53,Depth4_61,"without student loans , many students would not be able to attend university and therefore would not have the opportunity to work hard to get their degree . maybe we should have a more diverse stream of funding available to students .",loan,,5,,,
534,19,Depth5_57,Depth4_77,it's not just the loan amount in particular it's the underlying anxiety of having debt hanging over them .,loan,debt,5,,,
535,20,Depth5_58,Depth4_77,why is it unlikely ? it is not guaranteed that everyone who has a degree will achieve a decent paid job .,job,,5,,,
536,21,Depth5_60,Depth4_77,"many students do not get a big enough loan to live off and have to borrow more money from other sources , this will make them financially unstable in the future",loan,,5,,,
537,22,Depth5_62,Depth4_7,"the government should fund university to allow that person to attend for free . education is what improves the economic output of a country , especially one like the uk which has a service based economy .",free,government,5,,,
538,23,Depth5_63,Depth4_7,scholarships are few and far between and only a very lucky few will be able to access this .,access,scholarship,5,,,
539,24,Depth5_64,Depth4_7,personnel can all afford to get a degree the school may be dependant if fees are abolished . if fees are abolished it allows all backgrounds to gain the same qualifications to the same standard just at different geographical locations .,afford,background,5,,,
540,25,Depth5_67,Depth4_19,"true , but having a degree increases the education level of the population . some will miss out if they have to afford to pay fees and we may be missing placing talented individuals into roles that they should be performing as they do n't have the requisite level of qualification .",afford,,5,,,
541,26,Depth5_72,Depth4_32,"being saddled with debt when you have just left uni is not a great start to your working career . abolishing fees means that education is open to all , not just those who can afford it .",afford,career,5,debt,,
542,27,Depth5_74,Depth4_32,the loans interest should only be due to inflation and loss to a bank or loan provider .,interest,loan,5,,,
543,28,Depth5_77,Depth4_52,"studying at uni equips people with higher level skills and thought processes . this should be made freely available to those who want it , rather than forcing debt onto students .",debt,,5,,,
544,29,Depth5_81,Depth4_62,the government should have a substantial amount set aside to invest in university fees as its investing in the future of the country !,government,,5,,,
545,30,Depth5_87,Depth4_78,taking a loan is encouraging people to continue this behaviour during their working life . it 's just continuing to make bankers wealthier at the expense of others . fees should be abolished to open education up to all .,loan,,5,,,
546,31,Depth5_88,Depth4_78,they 're not that many job opportunities that pay a good wage that you do n't have to go to university to get . a degree is what employers are looking for to even get an interview .,job,,5,,,
547,32,Depth5_89,Depth4_78,all individuals should be entitled to further education and the opportunity needs to be available for all no matter what their monetary background .,background,,5,,,
548,33,Depth5_91,Depth4_92,it is not good setting someone up with a life long debt before they even embark on a career .,career,debt,5,,,
549,34,Depth5_93,Depth4_92,"i think fee 's should be abolished , we should not have to pay to have access to higher education",access,,5,,,
550,35,Depth5_95,Depth4_92,"students are in debt after graduating , including students who were in accommodation and international students as the total money they have to pay back ( student loan ) is very high . they have to pay off the loan when their salary reaches a certain amount",loan,debt,5,,,
551,36,Depth5_98,Depth4_102,it should be a right to free higher education so that we can learn and grow as individuals and better our communities and lives .,free,,5,,,
552,37,Depth5_99,Depth4_102,"it 's clear that the system of grants and scholarships worked in the past , and it 's only short-sighted politics that have led to the current situation . it worked once ; it can work again .",scholarship,,5,,,
553,38,Depth5_102,Depth4_109,"often loans are not enough to live off nowadays , it also reduces the quality of life once they gave a job .",loan,job,5,,,
554,39,Depth5_105,Depth4_109,"a poor person will still have to pay interest on top of the student loan and the starting salary for a medic is similar to many other jobs , so they will not be better off than a person who has a higher household salary",interest,loan,5,job,,
555,40,Depth5_110,Depth4_120,"due to the low starting salaries of jobs and the high interest on the student loans , even students with good salary jobs will take time to pay off the student loans , therefore they will have lost several years of their salary in the process",interest,loan,5,job,,
556,41,Depth5_111,Depth4_132,the fees should be stopped altogether as putting people in large amounts of debt based on career choice is not good financial stability,career,debt,5,,,
557,42,Depth5_113,Depth4_132,"its bad for the economy and it makes sense to offer free education if the provided the government can do so , which i think they can",free,government,5,,,
558,43,Depth5_114,Depth4_132,"there 's little evidence to show that such a measure would achieve anything , nor indeed be fairly distributed . a non-egalitarian policy would be fairer and ultimately better for society .",society,,5,,,
559,44,Depth5_118,Depth4_139,but with free higher education no one is limited and they can pursue any career they want with the help of free university . there are no limits .,free,career,5,,,
560,45,Depth5_119,Depth4_139,"i think i made this argument earlier , but in the context of urging pure scholars towards a career-based path . education should be open to all , and the benefit to society as a result is the payment .",society,,5,,,
561,46,Depth5_120,Depth4_139,"prices for essential products around the world are increasing , the population is increasing and therefore if an individual has better job , they are more likely to be successful in the real world as they are more prepared , where there is increased rate of debt",job,debt,5,,,
562,47,Depth5_122,Depth4_95,it would benefit the government far more by more people completing university and the them getting higher jobs therefore helping unemployment rates and contribution back to the country .,government,job,5,,,
563,48,Depth5_124,Depth4_95,abolish fees so university is open to every one . increase income tax by 2p per month to cover this cost .,tax,,5,,,
564,49,Depth5_126,Depth4_104,the more people who have the opportunity to education the more competitive the job market will be and therefore the more people in employment and paying taxes,job,tax,5,,,
565,50,Depth5_128,Depth4_104,no that is not for the government to increase taxes just for the sake of education .,government,tax,5,,,
566,51,Depth5_129,Depth4_104,more educated people will have higher paid jobs and in return will pay more tax which will cover the abolishment of uni fees,job,tax,5,,,
567,52,Depth5_132,Depth4_110,you could have the smartest kid but they live in poverty family they could be a fine doctor but can't afford the fees .,family,afford,5,,,
568,53,Depth5_133,Depth4_110,"true but if the student has the ability to go to university and their background is impoverished , how will he or she be able to afford the fees .",afford,background,5,,,
569,54,Depth5_136,Depth4_123,"that 's dependant on circumstances , if they have a family or have to provide care for someone ?",family,,5,,,
570,55,Depth5_138,Depth4_123,"yes but if the fees are not intact , the student will be able to earn a big wage without being saddled with debt whether they are rich or poor .",debt,,5,,,
571,56,Depth5_143,Depth4_134,yes but at least through the citizen it would not be so high on taxes and it would be for the benefit for the students who can not afford the fees .,afford,tax,5,,,
572,57,Depth5_148,Depth4_142,young people with a degree will be able to start their own businesses if there is a gap in the job market .,job,,5,,,
573,58,Depth5_149,Depth4_142,introduce more work experience whilst undertaking a degree so that the graduate has some experience when applying for jobs,job,,5,,,
574,59,Depth5_151,Depth4_96,a loan can leave someone with a crippling amount of debt . in many cases the government ends up writing off student loans in any event . if students have more disposable income then they can reinvest that back into the economy .,loan,government,5,debt,,
575,60,Depth5_154,Depth4_96,"more people feeling able to study further creates better education across society , and paying by tax means the loans are n't placed upon the student all at once .",society,loan,5,tax,,
576,61,Depth5_155,Depth4_96,"if students didnt have to pay fees they would be fresher and keener to take jobs at a lower level which offer progression in what they 've qualified to do in rather than taking any available jobs which other people could do , ensuring a better spread of employment .",job,,5,,,
577,62,Depth5_156,Depth4_108,the goal that they should have in mind is completing their degree and then using that to find a good job .,job,,5,,,
578,63,Depth5_159,Depth4_108,saddling students who do not have the bank of mum and dad to rely on with huge debt does nothing but reduce the respect a degree deserves . it only helps the rich get richer .,debt,,5,,,
579,64,Depth5_160,Depth4_108,"but if university education is available to people regardless of their ability to pay or need to take a loan , tbere woukd be a wider choice of candidate and places given to tjose who really want them",loan,,5,,,
580,65,Depth5_161,Depth4_115,what if they are refused a loan due to their financial circumstances or are not eligible for a scholarship ? those people should still be entitled to go to university if they achieve adequate results at school .,loan,scholarship,5,,,
581,66,Depth5_162,Depth4_115,"paying off debt whilst starting out in a career , what chance of they getting on the property ladder",career,debt,5,,,
582,67,Depth5_164,Depth4_115,scholarships are few and far between . just because someone does n't come from a rich family does n't mean they deserve to be saddled with huge debts for the rest of their life .,family,scholarship,5,debt,,
583,68,Depth5_166,Depth4_126,if it means that the better paid job would leave them with less money after the loan deductions are taken into account they may well apply for the lower paid job .,loan,job,5,,,
584,69,Depth5_167,Depth4_126,"the loans get written off after a period of time , inflated by inflation , why have the debt to start with",loan,debt,5,,,
585,70,Depth5_169,Depth4_126,"yet if someone is just below the 21,000 salary mark , they would be much less likely to go for a promotion or take on extra work if they have large student loans",loan,,5,,,
586,71,Depth5_174,Depth4_136,`` better '' careers are not necessarily high paid . teaching is a profession that i admire as one of the greatest careers yet it is not highly paid .,career,,5,,,
587,72,Depth5_175,Depth4_136,"but getting a high paid job is not the same as working for what they are qualified for , it is a waste of their education",job,,5,,,
588,73,Depth5_176,Depth4_149,many people will be ineligible for scholarships but will still find it very difficult to fund their education without taking out a loan .,loan,scholarship,5,,,
589,74,Depth5_177,Depth4_149,"education no matter what level should be free , the government set a limit , but nobody is under in it",free,government,5,,,
590,75,Depth5_179,Depth4_149,"giving scholarships is the least they can do . tax-funded tertiary education is beneficial because the student pays for their education over their working lives , without hanging a negative number over their head to force them into highly paid jobs that they hate .",scholarship,job,5,,,
591,76,Depth5_183,Depth4_160,university education should be free and available to all instead of leaving children with crippling debt before they embark on their lives . we should be enabling instead of preventing further education and trusting our kids to be financially responsible should be on the timetable in all universities,free,debt,5,,,
592,77,Depth5_184,Depth4_160,"fess are far too high in this country , furthermore it leaves the student with a significant debt on leaving university , and for most students this may never be paid off .",debt,,5,,,
593,78,Depth5_190,Depth4_172,universities are charging far too much for courses and should look to combine studies with online learning and more vocational input where the costs lie with and employer . they seem to be rising year on year and overall students leave with little work experience and a mountain of debt .,debt,,5,,,
594,79,Depth5_191,Depth4_172,i dont see how financial situations matter ? everyone has access to a student loan and people living in houses with lesser income are able to get further help in grant 's or additional student loans .,loan,access,5,,,
595,80,Depth5_192,Depth4_172,being that we are both from different backgrounds i can safely say that being on the poorer end does not in anyway encourage people to take out loans with high interest and get in debt for education,interest,loan,5,debt,background,
596,81,Depth5_193,Depth4_181,"the loan in the long run is worth it , everyone has some sort of debt due to bad spending habits plus buying cars and a house it seems there is always debt",loan,debt,5,,,
597,82,Depth5_194,Depth4_181,if they go into uni without debt then they 're more likely to be able to contribute more to society,society,debt,5,,,
598,83,Depth5_195,Depth4_181,more career information should be made available to students and more alternatives to degrees offered . it should be a choice not based on income or affordability but based on a considered approach .,career,,5,,,
599,84,Depth5_203,Depth4_196,university should be open to anyone that wants to attend . people in higher privileged backgrounds should stop being so snobby and accept everyone for who they are !,background,,5,,,
600,85,Depth5_212,Depth4_217,if the loan does n't require you to pay back unless youre a high earner theres no motivation,loan,,5,,,
601,86,Depth5_214,Depth4_217,student debt has almost doubled in this country and as a nation we are amongst the highest in the world . whilst a future master may seek to pay off debt there are a significant number of degrees that do not warrant the costs .,debt,,5,,,
602,87,Depth5_217,Depth4_161,"by abolishing the fees , we would save money and man poorer on the people ensuring these well levered loans . and by removing fees altogether , we a equipping a generation who may not be able to afford education otherwise , in a world where the majority of jobs require degree level education .",loan,afford,5,job,,
603,88,Depth5_218,Depth4_161,"it is not at all another concern , it is not the job of government to micro-manage taxpayers money given to students in this slap-dash fashion .",government,job,5,,,
604,89,Depth5_222,Depth4_161,it 's impossible to check where the loans are spent and students can spend it on whatever they want . it would cost too much to regulate where the money goes and the money could be spent on better things .,loan,,5,,,
605,90,Depth5_223,Depth4_176,"but the government do n't assess this . the rich get richer and the poor get poorer , and are n't provided the opportunity to go into higher paid jobs . by abolishing fees it means that you get degrees and jobs based on intelligence and ability rather than the money in your bank .",government,job,5,,,
606,91,Depth5_224,Depth4_176,"no , the reality is that any amount of government involvement will not be able to reassure or convince the children of the poor to take out loans that represent years of income in the houses they were raised .",loan,government,5,,,
607,92,Depth5_227,Depth4_176,students want to learn not create lots of debt for themselves depending on their situation,debt,,5,,,
608,93,Depth5_229,Depth4_186,"but is n't it better to start your adult life on a blank canvas , rather than asking people to pay money back as their careers progress ? the implications of debt are massive and starting your life with such large ones seems almost neglectful to mental health .",career,debt,5,,,
609,94,Depth5_231,Depth4_186,"the number of graduates finding work is growing smaller and smaller , meaning that students are not necessarily going to find themselves in positions to easily pay off their student loans .",loan,,5,,,
610,95,Depth5_233,Depth4_186,students are still in education and the government should want to pay for the future of this country,government,,5,,,
611,96,Depth5_238,Depth4_197,"we should be working towards a solution that enables every individual , who is able to , and who wants to , to attend university . with the current system , there are a lot of people who are denied this ability , as they are unable to afford the current tuition fees .",afford,,5,,,
612,97,Depth5_240,Depth4_197,"encouraging people from all backgrounds makes for a just society and coming from less privileged background does n't mean you are less intelligent , you just need more financial support .",society,background,5,,,
613,98,Depth5_242,Depth4_212,"that is an argument that could only be made by someone in a position of privilege . for most people , a loan is the only way to access a university education in the first place .",loan,access,5,,,
614,99,Depth5_244,Depth4_212,"we are setting up our students so that they are able to work to their fullest potential . we will be hobbling their ability to achieve success , if they are pre-occupied with the amount of debt that they have to pay back .",debt,,5,,,
615,100,Depth5_245,Depth4_212,students should n't have to get a loan and pay for a decent education and good job this should be a standard in this country,loan,job,5,,,
616,101,Depth5_248,Depth4_220,but the major point here is that only some sectors of society will be comfortable with this redistribution of financial responsibility in education . only the rich and middle-classes are willing to undertake these huge debts that they know they will have help in paying off .,society,debt,5,,,
617,102,Depth5_251,Depth4_220,students with a high loan to repay my not complete their course because of the debt and stress of it all so will leave everyone in a worse situation than before,loan,debt,5,,,
618,103,Depth5_256,Depth4_162,"going to university should be a learning opportunity , not just academically , but for general adult life too . young people should learn how to manage and earn their own money rather than being given loans which gives an unrealistic expectation of adult life .",loan,,5,,,
619,104,Depth5_257,Depth4_162,but if the student is unable to repay it and the government ultimately writes it off then the student will not have learned anything about money management .,government,,5,,,
620,105,Depth5_258,Depth4_177,"some students have other commitments , such as children or mortgages , which prevents them from building the financial background needed .",background,,5,,,
621,106,Depth5_259,Depth4_177,that still means that there is not equal opportunity . students from less well off backgrounds would have to work harder and longer than their more financially secure peers .,background,,5,,,
622,107,Depth5_265,Depth4_192,but removing the fees would open up the opportunity to so many more who our priced out by the fees themselves . an increase in attendance from less privileged backgrounds versus today is still progress,background,,5,,,
623,108,Depth5_266,Depth4_192,"university should be an obtainable option for all walks of society - be it young people , middle-aged people or older people . their financial situation or class should not dictate whether they are able to learn or not .",society,,5,,,
624,109,Depth5_267,Depth4_192,if they did not need to pay student fees they would not be intimidated by the prospect of taking out a large loan that they may struggle to repay . those with family money will not have such concerns .,family,loan,5,,,
625,110,Depth5_272,Depth4_201,or alternatively it will simply dissuade those with a less privileged financial background from even trying . everyone who wants to attend university does so in order to advance their career prospects .,career,background,5,,,
626,111,Depth5_273,Depth4_215,people who wish to progress further by going to university should have the opportunity to go into higher paying jobs and not forced into low paying jobs due to debt .,job,debt,5,,,
627,112,Depth5_274,Depth4_215,student loans take decades to pay off . people may end up working in low paid jobs that do not reflect their abilities and ambitions for their entire working lives .,loan,job,5,,,
628,113,Depth5_276,Depth4_215,we should be pushing our young people to strive for their dream jobs and work hard to grow both academically and financially . being more inclined to go for lower paid jobs will mean settling for less rather than being determined to strive for more .,job,,5,,,
629,114,Depth5_279,Depth4_223,university should not be seen as a high privilege to attend . in order for society to become more fair it should be open and accessible to everyone .,society,,5,,,
630,115,Depth5_281,Depth4_223,university should not be aimed at the higher-earning families and should be readily available and obtainable for the entire population . giving all walks of life an opportunity to learn is a huge investment in society and in the uk .,family,society,5,,,
631,116,Depth5_282,Depth4_223,it was free when i was a student so this is wrong . why should the new generation be denied the opportunities that were offered to me ?,free,,5,,,
632,117,Depth5_284,Depth4_235,that may only be sufficient to cover the cost of the degree and no living costs . if student fees were abolished and a student needed to take out a loan they could use that money to pay for their living costs and continue with the degree .,loan,,5,,,
633,118,Depth5_285,Depth4_235,"however , some people may never be able to get a job to pay off their debts due to varying circumstances . they will have to live with this burden on their shoulders for the rest of their lives .",job,debt,5,,,
634,119,Depth5_287,Depth4_235,you are then encouraging people to live beyond their means and face a long term debt . the cost of housing is another burden to young people leaving university and it can all seem too much .,debt,,5,,,
635,120,Depth5_289,Depth4_245,a degree no longer ensures that someone will end up in a high paying job . many graduates with degrees end up in low paid work in the current economy which has never fully recovered since the financial crisis .,job,,5,,,
636,121,Depth5_292,Depth4_245,"the degree is an extra qualification which can help with acquiring a job , but there are many over qualified people working in lower grade jobs as there are not enough graduate jobs for all students .",job,,5,,,
637,122,Depth5_294,Depth4_256,that has nothing to do with the original argument that a student may never pay back their loan which will result in it being written off by the government .,loan,government,5,,,
638,123,Depth5_297,Depth4_256,a lot of people never fully pay back the loan and some have no intention of doing so . the government has to allow for these losses and the administrative time involved in running the loan system .,loan,government,5,,,
639,124,Depth5_298,Depth4_269,"you can not do this ! you can not make paying for university contingent on people being able to work while studying , or getting scholarships , or any of that . people need access , they need to be treated equitably , and not be judged on talent which is subjective and unhelpful anyway .",access,scholarship,5,,,
640,125,Depth5_303,Depth4_279,"the government have a responsibility , it is not up to banks , it should not be .",government,,5,,,
641,126,Depth5_304,Depth4_279,banks would likely impose even higher rates of interest which would be unsustainable and they may also reject a large number of students given their financial circumstances .,interest,,5,,,
642,127,Depth5_307,Depth4_279,i don't think that the banks would approve loans to everyone that the government supports as they wouldn't be prepared to take the risk . this would make a university education less available .,loan,government,5,,,
643,128,Depth5_311,Depth4_290,"more jobs rely on having a degree , meaning it isn't seen as worthwhile to get one . however , many people struggle financially through uni and fight to maintain a job .",job,,5,,,
644,129,Depth5_312,Depth4_290,personal debt can have huge negative consequences in a person's life . it is not a habit that we should be encouraging . if a person is intelligent enough to go to university they should have the opportunity to do so and to reap the benefits .,debt,,5,,,
645,130,Depth5_314,Depth4_236,if uni fees were abolished then there would be less worry about paying off student loans and any extra income earned could go toward living and studying expenses .,loan,,5,,,
646,131,Depth5_318,Depth4_251,people should not be taxed for trying to improve themselves through education . the university fees and loan interest rate should be comparative to the average labour market rates .,interest,loan,5,,,
647,132,Depth5_320,Depth4_251,a student loan isnt like a normal loan where it is not based on income therefore i dont think its that big of a deal,loan,,5,,,
648,133,Depth5_321,Depth4_251,"surely it would be more beneficial to the government to lower tuition fees and guarantee that they will get the money back , rather than not knowing how much will be paid back by each person",government,,5,,,
649,134,Depth5_325,Depth4_267,i think the parents should encourage it and the loan teaches about budgeting and managing money,loan,,5,,,
650,135,Depth5_326,Depth4_267,"there are stigmas against loans , and many people see them as a bad thing , so in creating a loan , it means that a group of society who oppose loans , will be removed from those able and willing to go to university",society,loan,5,,,
651,136,Depth5_328,Depth4_271,the current labour market and according salary does not provide for most students to pay their loan back . this is made worse by the high interest rate,interest,loan,5,,,
652,137,Depth5_331,Depth4_271,"that 's a very narrow minded argument , and one that does not take into consideration the different opportunities that people are faced with . a `` well paid job '' often comes as the result of who you or your parents know and your social connections , rather than just hard work .",job,,5,,,
653,138,Depth5_332,Depth4_271,it 's very easy to get into a uni these days and many people go for the experience and thus do n't necessarily get well paid jobs and then do n't pay the loans back .,loan,job,5,,,
654,139,Depth5_334,Depth4_287,uni fees should be done away with and taxes should be increased slightly so as to increase the money the government receives without affecting society too much .,society,government,5,tax,,
655,140,Depth5_335,Depth4_287,i dont think it should be down to taxes to raise it otherwise its not fair on others,tax,,5,,,
656,141,Depth5_337,Depth4_287,then it might encourage parts of society that have historically not gone to uni to go uni to go and take advantage whilst the upper classes can pay more tax and it can be a bonus for the lower classes .,society,tax,5,,,
657,142,Depth5_338,Depth4_291,students from low income families and minority groups struggle to access education and the funding routes available to them . the student loan process is complex and not fully explained .,family,loan,5,access,,
658,143,Depth5_339,Depth4_292,getting rid of uni fees means that people can do a uni course purely for interest not because they want to get a high paying job in that field and pay back the loan .,interest,loan,5,job,,
659,144,Depth5_342,Depth4_295,there are also more people dropping out than ever even mature students and i have had first hand experience of this and seeing single mature mothers struggling and dropping out when all they want is to better their family 's lives,family,,5,,,
660,145,Depth5_345,Depth4_238,however the stress of managing debt is an additional burden that students are unable to deal with,debt,,5,,,
661,146,Depth5_348,Depth4_253,people are not going to university because they can't afford to attend and there families are unable to financially support them,family,afford,5,,,
662,147,Depth5_351,Depth4_253,some loans are impossible to pay and the student carries it with it for several years,loan,,5,,,
663,148,Depth5_352,Depth4_253,by making university fee's free the uk will have a higher percentage of skilled/qualified workers . this in turn being higher earners who pay more tax .,free,tax,5,,,
664,149,Depth5_353,Depth4_268,teenagers might not pursue the career they want because they are talked out of taking a loan out,loan,career,5,,,
665,150,Depth5_355,Depth4_268,"debt remains a stigma amongst those without financial means , society should not be encouraging such practice",society,debt,5,,,
666,151,Depth5_357,Depth4_268,making university fee's free is one less burden to consider making it much easier for people to attend in the first place .,free,,5,,,
667,152,Depth5_358,Depth4_273,some families can't support their child to go to uni because they have to provide money before they even receive there loan which can put a massive strain on families,family,loan,5,,,
668,153,Depth5_360,Depth4_273,graduates should be in a position to earn more and therefore better able to repay the loan,loan,,5,,,
669,154,Depth5_362,Depth4_273,free university fee's gives our country more qualified and professional workers who will pay back society by passing on knowledge and of course paying a higher rate of tax .,society,free,5,tax,,
670,155,Depth5_363,Depth4_288,"you need degrees for professions such as a doctor which provide good to the country , surely the service they provide should be good enough to pay slightly higher taxes",tax,,5,,,
671,156,Depth5_365,Depth4_288,improving the whole of society through cheaper education funded by higher taxes benefits the many rather than the few,society,tax,5,,,
672,157,Depth5_367,Depth4_288,there are certain sectors of the nhs that are desperate for trained professionals which we don't seem to have enough of . making university free could increase the amount of doctors and nurses we have in this country .,free,,5,,,
673,158,Depth5_368,Depth4_292,"people don't have access to the same possibilities such as university because they can't even afford to go , such as having to pay deposits and the right equipment needed for university",afford,access,5,,,
674,159,Depth5_369,Depth4_292,the government should be making sure our children do n't end up in debt before they even got on the working ladder,government,debt,5,,,
675,160,Depth5_372,Depth4_292,a disadvantaged person could be changed into an advantaged one just by doing one simple thing - making university fee's free ! a true gift to empower people .,free,,5,,,
676,161,Depth5_376,Depth4_295,some people leave university and do not obtain a higher paying job despite having gained a degree . they are then saddled with a debt that they might never be able to repay .,job,debt,5,,,
677,162,Depth5_377,Depth4_295,a small individual increase in tax would not effect the lifestyle of the working class/professional workforce and if anything would provide a more educated workforce as a whole .,tax,,5,,,
678,163,Depth5_381,Depth4_303,i agree that it is good for students to have part time jobs while studying but there are times during a degree when the workload is such that there is n't any spare time to keep a part time job .,job,,5,,,
679,164,Depth5_384,Depth4_315,the need to repay loans once income reaches a certain level could act as a disincentive for graduates to get ahead .,loan,,5,,,
680,165,Depth5_386,Depth4_315,"even those with good degrees can struggle to find a well paid job and some work in sectors that pay less , for example charities or social enterprises .",job,,5,,,
681,166,Depth5_387,Depth4_315,a student from a working class/poorer family can not afford to gamble with their future on the off chance that they may or may not land a professional role directly after university .,family,afford,5,,,
682,167,Depth5_391,Depth4_325,it may indeed help them to get a better job but that is not guaranteed and no one knows what the future holds .,job,,5,,,
683,168,Depth5_394,Depth4_336,"they should have a range of options , and base their decision on what is best for their career development without having to factor in cost .",career,,5,,,
684,169,Depth5_396,Depth4_336,many degrees do n't lead automatically to a job but if it is an area that a student is particularly interested they will have more motivation to study and obtain a good degree .,job,,5,,,
685,170,Depth5_398,Depth4_341,not everyone can do or be in a position to study abroad take on a part time job and study and there will only be a limited funds and scholarship s,scholarship,job,5,,,
686,171,Depth5_399,Depth4_341,scholarships are unfortunately in short supply and other those most gifted are able to access them,access,scholarship,5,,,
687,172,Depth5_402,Depth4_341,a degree may not be for everyone but access the university level education and information should be and gating this behind an arbitrary pay wall is absurd and backwards .,access,,5,,,
688,173,Depth5_406,Depth4_298,people shouldn't settle for small salaries they should want the bigger salaries from the harder degrees and that means more of the money will be taken through loans,loan,,5,,,
689,174,Depth5_408,Depth4_308,a degree may not be a right but some people may be desperate for one but have no ways to afford it . i dont think people should lose out on going to university just because of their financial issues,afford,,5,,,
690,175,Depth5_412,Depth4_308,students should n't have this argument with themselves knowing that if they want a degree etc they have to get into debt so it isnt really an option,debt,,5,,,
691,176,Depth5_417,Depth4_318,not all students that finish university end up with a good job i have known students who have a degree but can not get a job,job,,5,,,
692,177,Depth5_420,Depth4_327,students from poorer backgrounds are already at a disadvantage to those from richer ones . getting into further debt just exacerbates that .,debt,background,5,,,
693,178,Depth5_425,Depth4_338,suitable jobs that fit around your studies are hard to come by and will necessarily leave less time for study .,job,,5,,,
694,179,Depth5_426,Depth4_338,you will be worried because the loan is constantly increasing and even when the payments start to go down it never really will be because of the constant compounding interest,interest,loan,5,,,
695,180,Depth5_427,Depth4_338,students surely should n't have this worry over their heads i have known a student to commit suicide because of the debt they are in so i will never agree,debt,,5,,,
696,181,Depth5_431,Depth4_343,a part time job might not pay for expenses living in expensive areas like london,job,,5,,,
697,182,Depth5_433,Depth4_301,"the interest and fees are lifelong for many students . it would be a burden for anyone to have a lifelong , large loan .",interest,loan,5,,,
698,183,Depth5_434,Depth4_301,only the few who end up with higher paying jobs with will be able to pay back without affecting there day to day living,job,,5,,,
699,184,Depth5_436,Depth4_301,students tend to look to those before them and see that many are still in debt after a few years of graduating thus hindering them from taking loans for a business .,loan,debt,5,,,
700,185,Depth5_440,Depth4_312,"but what if someone gets a lower paid , but really worthwhile job - such as primary school teacher , nurse , or charity worker - all of which often require a degree but are terribly underpaid as a sector ?",job,,5,,,
701,186,Depth5_445,Depth4_321,"scholarships and fee waivers are incredibly competitive and often don't take into account the cost of living , only fees . plus , if brexit happens , other eu countries won't be a cheaper alternative for uk residents .",scholarship,,5,,,
702,187,Depth5_449,Depth4_330,a loan puts unnecessary pressure on students and is not a precursor for motivation . students must be self motivated to do well .,loan,,5,,,
703,188,Depth5_451,Depth4_330,"all research shows that debt adds a huge amount of stress to the debtor - there are no mental benefits really , i don't think that it would help their focus , only hinder it .",debt,,5,,,
704,189,Depth5_454,Depth4_339,"once the student gets a job , the amount repayable may be significant depending on the salary , it could have huge impacts on lifestyle .",job,,5,,,
705,190,Depth5_456,Depth4_339,"the loan is means assessed ( based on parental income ) but is limited in how well it reflects the support parents can actually offer , and so the awarded loan amount often falls far short of the fee and living costs .",loan,,5,,,
706,191,Depth5_457,Depth4_339,then that will be a debt that stays with person hindering the person from getting others loans .,loan,debt,5,,,
707,192,Depth5_458,Depth4_339,"except it isn't ! some children have already discounted going to university before they're even eligible due to the associated cost , when they can be helping to bring money into the family rather than burden themselves with debt they have no guarantee of paying off .",family,debt,5,,,
708,193,Depth5_460,Depth4_349,it is also being part of a citizen to have a right to free education regardless,free,,5,,,
709,194,Depth5_461,Depth4_349,"what about key workers like nurses and midwives who have to have a degree level education in order to work in those jobs , but there are now no subsidies or bursaries available ? why not increase tax to cover university education ?",job,tax,5,,,
710,195,Depth5_462,Depth4_349,government spending on foreign policy is to high to justify it as being a citizen .,government,,5,,,
711,196,Depth5_464,Depth4_353,if the government was to cut all university fee 's we would see a rise in drop outs and students who do not wish to study . students who do not have to pay would be lazy and unaccomplished in their studies,government,,5,,,
712,197,Depth5_467,Depth4_353,"every society needs individuals that have been educated to a high level and to help social mobility , an individual 's socioeconomic background should not affect their ability to be educated to the highest level if they show talent . the government needs to invest in young people and higher education .",society,government,5,background,,
713,198,Depth5_472,Depth4_368,saddling young people with a 50 thousand pound debt before they even start their adult lives in employment is totally unfair . at the moment people with intellect and talent that could do society a great service are being put off from going to university .,society,debt,5,,,
714,199,Depth5_474,Depth4_380,saving the economy should be greatly helped via the government and not lining the pockets of the rich to make them richer and the poor poorer,government,,5,,,
715,200,Depth5_476,Depth4_380,if the aim of going to university was to increase earnings paying a large amount of that back from their wage packet seems counter intuitive from the main aim of a higher paid career,career,,5,,,
716,201,Depth5_477,Depth4_380,"they are enormous pressures on young people these days . for example , the lack of housing and high house prices and rents . childcare costs too are prohibitive . why burden them with enormous debt as well .",debt,,5,,,
717,202,Depth5_479,Depth4_389,"being in debt your whole life is a daunting thing , nobody wants to take a job where they have to lose pay due to previous studying to get that job in the first place .",job,debt,5,,,
718,203,Depth5_482,Depth4_389,the vast majority of people do n't need a huge student debt as an incentive to find work .,debt,,5,,,
719,204,Depth5_483,Depth4_389,"your future master will not have a choice but to pay off their debt . to earn enough to invest in their future , they must also have to pay back the loan , delaying their savings .",loan,debt,5,,,
720,205,Depth5_484,Depth4_403,society would be a better place if everyone had access to the same free education,society,free,5,access,,
721,206,Depth5_486,Depth4_403,but if you make the education free the people who get the grades but are put off by the price may decide to go to university and persue the degrees that may increase their chance of getting into a trained career instead of a lower paid job .,free,job,5,career,,
722,207,Depth5_488,Depth4_403,a large proportion of people will never need to use the nhs or police to the level they have paid in taxed for them but are still happy to pay as it 's benefits society as well as the individual .,society,,5,,,
723,208,Depth5_489,Depth4_412,"you would not be able to live , should you study full time , work full time but get all your money taken back in tax for something that helped get them where they are today",tax,,5,,,
724,209,Depth5_490,Depth4_412,loans still rack up significant interest and is still stressful to have even if you do not earn enough to pay them off . they are constantly there .,interest,loan,5,,,
725,210,Depth5_492,Depth4_412,i think if people really understood the financial ramifications there would be significantly less people from poorer backgrounds going to university .,background,,5,,,
726,211,Depth5_495,Depth4_357,"although i do agree the money would be better spent elsewhere , for key subjects that would support the economy should be free from tuition fees e.g engineering , education , nursing , medicine",free,,5,,,
727,212,Depth5_498,Depth4_357,"education is a human right . access to healthcare is too ; however , private healthcare exists and is available , while private education is more privileged and exclusive .",access,,5,,,
728,213,Depth5_499,Depth4_369,people do n't know that there is support and people in government do n't tell you unless they asked a pacific question,government,,5,,,
729,214,Depth5_500,Depth4_369,"under the age of 19 , additional means tested support could be funded for apprenticeships to support the families of children taking on board these schemes . apprenticeships still pay whereas a degree costs .",family,,5,,,
730,215,Depth5_508,Depth4_382,"however , unknown to many , interest is applied on top of student loans . it should be more explicit that this applies as it means students are paying for more than the true value of their education .",interest,loan,5,,,
731,216,Depth5_512,Depth4_390,"compound interest can really rack up over years of being in a low paid work , making moving on more daunting",interest,,5,,,
732,217,Depth5_513,Depth4_390,"less advantaged students from poorer backgrounds should not be disadvantaged solely due to their poverty . after all , how else will the poverty trap be broken ?",background,,5,,,
733,218,Depth5_515,Depth4_404,"not everyone needs to access university , many people go for the experience rather than to gain a useful qualification leading to a career . certain degrees that benefit the tax payer should be subsidised whereas hobby based degrees should be paid for by the student",access,career,5,tax,,
734,219,Depth5_516,Depth4_404,everyone pays taxes and those with university education often have better paid job so pay more back in taxes as it is .,job,tax,5,,,
735,220,Depth5_518,Depth4_404,"some cities are more expensive to live in than others , despite offering a similar level of education . hence , access to university depends more on location than tax paying by this logic .",access,tax,5,,,
736,221,Depth5_520,Depth4_416,"not everyone does a degree with a specific job in mind . it is down to the individual to plan ahead and consider their career options carefully . the loan percentage is deducted based on salary . the higher the pay , the higher the deduction .",loan,career,5,job,,
737,222,Depth5_521,Depth4_416,there is mental pressure if someone can not find a job soon after leaving university with a mounting debt . it may be a small amount of money taken but at a time when people need money to set up in life .,job,debt,5,,,
738,223,Depth5_523,Depth4_416,"the current system , without the help of loans , provides an non-intellect based advantage to the more wealthy . hence , the argument of being put in a better position only applies to the more well-off primarily .",loan,,5,,,
739,224,Depth5_526,Depth4_364,a lot of people can not afford to go to university due to the high fees and reduced maintenance loans and the end of maintenance grants . this can lead to inequality within society and a reduced talent pool in society .,loan,afford,5,society,,
740,225,Depth5_527,Depth4_364,"free education should n't be limited to the most talented people , everyone should have the opportunity of higher education no matter their background",free,background,5,,,
741,226,Depth5_530,Depth4_375,"yes , but in the meantime they need to live and maybe even provide for a family , there should be grants available or they should be paid a decent wage .",family,,5,,,
742,227,Depth5_535,Depth4_386,"even with higher repayments , the loan is constantly gathering interest and the payments will take a whilst to start paying off the actual loan",interest,loan,5,,,
743,228,Depth5_536,Depth4_386,having a 50k student debt is a huge deterrent for those applying for university . interest on the loans are a lot higher so the loan will just increase further .,interest,loan,5,debt,,
744,229,Depth5_537,Depth4_386,"i agree with the loan seeming more insignificant , if they have a high salary , but that will only be a very small percentage of people . it wo n't happen as soon as someone has graduated",loan,,5,,,
745,230,Depth5_542,Depth4_393,so why not tax people once they have graduated and landed a well paid job within the industry their degree is related too,job,tax,5,,,
746,231,Depth5_543,Depth4_393,"10 years ago education at university level was free and students were given grants not loans . so why should it be different now , the government provided funding then , so why should it be different for this generation .",loan,free,5,government,,
747,232,Depth5_546,Depth4_405,we need increased skills in our society to better our country and life . such professions like teaching and being a nurse have rather poor salaries in comparison to the demand of their service in society .,society,,5,,,
748,233,Depth5_551,Depth4_417,today's generations are poorer than those of their parents in order to benefit society universities should at least have lower fees into order to attract more students and educate more of the population .,society,,5,,,
749,234,Depth5_552,Depth4_417,if the tax was spread across everyone it would be a significantly smaller amount per person,tax,,5,,,
750,235,Depth5_556,Depth4_423,"this does n't account for the array of personal situations ( class/income/social groups/minorities ) who 's full contribution potential is lost , not having access to further/higher education , in turn earning and contributing less .",access,,5,,,
751,236,Depth5_557,Depth4_423,the access to the options to pay for fees that you mention are often limited by a persons life circumstances . working hard doesnt always mean success its not that easy .,access,,5,,,
752,237,Depth5_559,Depth4_433,the loans you speak of are very risky unlike the government loans . there is great risk of bankruptcy when taking certain loans in large amounts .,loan,government,5,,,
753,238,Depth5_561,Depth4_433,"the current policies which currently protect this kind of loan could easily be changed , and might yet if the tories stay in government",loan,government,5,,,
754,239,Depth5_563,Depth4_433,"bad credit scores should have no affect on people's ability to secure a loan , especially if it comes to helping them secure a well paid job .",loan,job,5,,,
755,240,Depth5_565,Depth4_440,"i am sure everyone respects their education free or not , and those that don't finish think long and hard before doing so",free,,5,,,
756,241,Depth5_568,Depth4_440,"if it meant keeping university fees free , it would also be a good idea here to make sure people are securing the necessary grades to proceed through uni without paying .",free,,5,,,
757,242,Depth5_569,Depth4_462,there is still a burden on middle to low income earners who have to pay back the loan and it significantly affects their future purchasing power . we must take these people into account ( there are many of them ) .,loan,,5,,,
758,243,Depth5_571,Depth4_462,"some graduates who graduate and never reach this threshold , a cost to the economy . free or not , this loss will be less due to the interest on those loans and the cost to infrastructure to serve them",interest,loan,5,free,,
759,244,Depth5_574,Depth4_470,there are very few scholarships about . suggesting this as a means for the majority of poorer people is simple not reasonable .,scholarship,,5,,,
760,245,Depth5_577,Depth4_470,scholarships are only available in certain subjects and at some universities so the course that can be studied could be significantly affected,scholarship,,5,,,
761,246,Depth5_578,Depth4_470,"even with high grades at a levels or college , people still may not secure scholarships . it's hard to predict that will happen and those who are the main providers should be given fairer loans .",loan,scholarship,5,,,
762,247,Depth5_579,Depth4_484,"although free education would be wasted on some , it should still be available to all if we are to live in a fairer , more equal society .",society,free,5,,,
763,248,Depth5_584,Depth4_426,"people can only achieve what they are able to achieve , a degree is not a ticket to a job . it doesn't help that interest is still applied during periods of unemployment such as maternity leave or leave for childcare .",interest,job,5,,,
764,249,Depth5_585,Depth4_426,there is more pressure because it is important to reduce the debt you obtain through student loans,loan,debt,5,,,
765,250,Depth5_588,Depth4_426,with the large amount borrowed the interest accumulates very quickly and tends to cause the loan to increase,interest,loan,5,,,
766,251,Depth5_590,Depth4_434,so not being able to afford the fee 's put those at a disadvantage in finding a job,afford,job,5,,,
767,252,Depth5_592,Depth4_434,more often than not we see people getting better jobs through other routes but having no fees would definitely promote university culture .,job,,5,,,
768,253,Depth5_593,Depth4_434,degrees are not worth what they used to be . many graduates wind up in low paying jobs unrelated to their job regardless .,job,,5,,,
769,254,Depth5_594,Depth4_446,the public would not agree to increasing tax or sacrificing other things to increase the amount of money available to provide free education . this way works best but it is not perfect . there are areas such as the vulnerable and the nhs that need money more .,free,tax,5,,,
770,255,Depth5_595,Depth4_446,"student loans barely cover the cost of student accommodation , never mind the cost of living or any disposable income",loan,,5,,,
771,256,Depth5_598,Depth4_446,maintenance grant 's are n't available anymore . most students have to get jobs unless they have help from family . free education would allow students to solely focus on their studies .,family,free,5,job,,
772,257,Depth5_602,Depth4_465,"completely agree , university is not and should not be used as a route to a possibly better career , realistically it means nothing now .",career,,5,,,
773,258,Depth5_603,Depth4_465,many people ca n't . often people wind up getting lower paying jobs unrelated to their degree and the 'grace period ' just causes interest to accumulate,interest,job,5,,,
774,259,Depth5_606,Depth4_471,it is wrong to make people to take out loans just to get through university,loan,,5,,,
775,260,Depth5_607,Depth4_471,just because you get a loan does not mean it covers the remaining cost of living and covering your family .,family,loan,5,,,
776,261,Depth5_608,Depth4_471,people often dont fully repay the loan anyway . would n't it be easier to abolish fees to make it fair for all people ?,loan,,5,,,
777,262,Depth5_610,Depth4_486,"the same argument could be used for schools - why is that free and university is n't ? school is wasted on some people who do not show up/ do not try in exams , yet that is still free",free,,5,,,
778,263,Depth5_613,Depth4_486,that 's not necessarily true . gaining a degree takes a lot of time and effort . people unlikely to put in the effort are unlikely to go through it if it 's free . making it free would allow people who see cost as a barrier to gain an education,free,,5,,,
779,264,Depth5_615,Depth4_427,the interest rate is high and even paying off a monthly amount from a highly paid job is paying off the interest and not the actual loan itself,interest,loan,5,job,,
780,265,Depth5_617,Depth4_427,"highly paid jobs are n't falling from trees , so a lot of graduates end up taking jobs that wo n't enough with cost living to pay the loans back .",loan,job,5,,,
781,266,Depth5_618,Depth4_427,it causes unnecessary stress to rush and settle down in a high paid career rather than exploring options . a race to earn money rather than pursue and enjoy your job choice .,career,job,5,,,
782,267,Depth5_619,Depth4_436,some people are forced into debt due to circumstances beyond their control and a degree has consistently been proven to be a factor that influences lifetime earnings .,debt,,5,,,
783,268,Depth5_620,Depth4_436,"people usually do n't have an opportunity to build credit whilst in school , so basing a student loan on a credit score seems ridiculous",loan,,5,,,
784,269,Depth5_622,Depth4_436,the cost of living is to high to circumnavigate the loan and the interest on it .,interest,loan,5,,,
785,270,Depth5_627,Depth4_447,which is even more of a reason to remove university fees . we have high taxes here as swell as a high cost of living .,tax,,5,,,
786,271,Depth5_628,Depth4_447,everybody can easy access the free education allowing more people the opportunity to pursue higher paid careers allowing more people to pay larger amounts of tax .,free,access,5,career,tax,
787,272,Depth5_629,Depth4_466,often those higher paying jobs are de facto reserved for students of only the most elite universities . this means that many students who attend less prestigious institutions still end up in low paying jobs .,job,,5,,,
788,273,Depth5_633,Depth4_466,"i believe that charging for education is elitist , allowing rich people access to the best education only ensures that wealth is concentrated within their families and allowing them to hoard more wealth in the future .",family,access,5,,,
789,274,Depth5_636,Depth4_476,but higher education opens doors . we are pressured in society to have degrees to succeed . and at a cost .,society,,5,,,
790,275,Depth5_637,Depth4_476,there is no job that pays well enough for a person to study and be the main provider .,job,,5,,,
791,276,Depth5_638,Depth4_476,student loans only keep people shackled with lifelong debt slavery . being unable to build personal wealth and invest in a pension ensures that they will be working long into their life and unable to enjoy the production of their career .,loan,career,5,debt,,
792,277,Depth5_639,Depth4_491,abolishing university fees would negate the need to treat them differently in the first place . the ability to access higher education should not depend on personal wealth .,access,,5,,,
793,278,Depth5_640,Depth4_491,"just because an individual has wealthy parents , does not mean they are wealthy , by looking at a family 's circumstance it does not reflect the student 's circumstance .",family,,5,,,
794,279,Depth5_642,Depth4_491,"that is known as elitism , where the well off have access to higher education thus giving them a better paying job .",access,job,5,,,
795,280,Depth5_647,Depth4_492,if i took out a mortgage i would expect to be means tested and repay the loan that i had taken out,loan,,5,,,
796,281,Depth5_650,Depth4_504,people who get a job straight after leaving school would be better off than people who have spent 3 years working really hard to obtain further knowledge and qualifications,job,,5,,,
797,282,Depth5_651,Depth4_504,if student fees were abolished then there would be no need for loans so it would take away this pressure on young people,loan,,5,,,
798,283,Depth5_653,Depth4_504,"i agree , students do end up paying back loans their entire lives , this puts people off going to uni in the first place or getting a well paid job once they have finished . if fee 's were abolished everyone would be able to attend university without fear",loan,job,5,,,
799,284,Depth5_655,Depth4_517,why should young people be in debt for most of their life simply for choosing to improve themselves ? they are contributing to society as a whole by bringing skills and knowledge gained at university,society,debt,5,,,
800,285,Depth5_656,Depth4_517,they will then be forced to put off their education for a year and they may not bother going to university which means they might miss out on job opportunities later in life,job,,5,,,
801,286,Depth5_658,Depth4_517,"with the cost of living these days , one years salary will not even make a dent in a student loan",loan,,5,,,
802,287,Depth5_660,Depth4_526,why should only bright students benefit from scholarships ? there are also students who may not be deemed the brightest in the class' but they are eager and willing to learn,scholarship,,5,,,
803,288,Depth5_661,Depth4_526,but they might not be bright enough for a scholarship but with hard work still achieve excellent grades,scholarship,,5,,,
804,289,Depth5_663,Depth4_526,"but what about your average families , your every day working white families in average areas who may have multiple children and still can not afford to send all of them to university",family,afford,5,,,
805,290,Depth5_665,Depth4_535,"i agree that advice should be given before starting a degree so that the student knows their options , but again , you can't assume they'll get help from their family , it's discriminating against poorer families",family,,5,,,
806,291,Depth5_666,Depth4_535,the family may not be in a financial position to help and they may not qualify for a scholarship,family,scholarship,5,,,
807,292,Depth5_668,Depth4_535,"not every family has the means to support their child attending university , some children come from the care system who have no family",family,,5,,,
808,293,Depth5_671,Depth4_544,but the idea of being in a large amount of debt for a long time may put some people off of going to university,debt,,5,,,
809,294,Depth5_674,Depth4_496,everyone has debts no matter what . there should be a better support system in place to avoid that .,debt,,5,,,
810,295,Depth5_675,Depth4_496,"agreed its not beneficial for students to have debts but means testing students , can result in a further inequality divide and students from from high income backgrounds being seen as more likely to repay loans",loan,debt,5,background,,
811,296,Depth5_677,Depth4_496,at the end of the day you need to be stable to afford education and any payback should be in assisted,afford,,5,,,
812,297,Depth5_678,Depth4_496,"if some students are paying less towards repaying their loans , then there will be a higher burden on other students and fees may rise to mitigate the difference . fees should be lower in general so that everyone can afford them . rather than having some paying more and some paying less .",loan,afford,5,,,
813,298,Depth5_681,Depth4_505,it could take some time for a graduate to actually be earning more than enough just to match the interest increase of the loan they are repaying,interest,loan,5,,,
814,299,Depth5_682,Depth4_505,"rubbish , the interest rate is something ridiculous like 9 % and i bet the interest is added daily meaning the actual interest rate is a lot higher",interest,,5,,,
815,300,Depth5_683,Depth4_505,the interest for a education loan should be the same as any other one from bank clients even if they have to pay it back their whole life's .,interest,loan,5,,,
816,301,Depth5_685,Depth4_505,"it depends whether students are reaching the desired income to completely pay back their student loans . some students will spend their entire life paying back student loan interest alone , which is unfair .",interest,loan,5,,,
817,302,Depth5_686,Depth4_518,"however , apprenticeships are not for everyone . people want to get a degree but ca n't afford to .",afford,,5,,,
818,303,Depth5_687,Depth4_518,the job opportunities may not even be available for them to balance with their studies,job,,5,,,
819,304,Depth5_688,Depth4_518,the interest rates are not lower and the government shouldn't be punishing people who are seeking employment and skills and instead focus on other areas to save money,interest,government,5,,,
820,305,Depth5_693,Depth4_528,"the grants and loans are not necessarily enough to make ends meet especially in high cost of living areas , where parental support maybe needed",loan,,5,,,
821,306,Depth5_694,Depth4_528,you could have rich parents so don't get any maintenance loans but the parents might not give you any money,loan,,5,,,
822,307,Depth5_697,Depth4_528,"the grants and loans provided are not sufficient for many people to live on , especially if they face additional financial barriers or are entering university later in life .",loan,,5,,,
823,308,Depth5_698,Depth4_538,"however , not all schools do this . not many students are given support , especially in low income backgrounds .",background,,5,,,
824,309,Depth5_699,Depth4_538,if degrees are what students are using to place themselves for future careers they should be fully aware of where their degree may take them . so they can make a fully informed choice on what field of study would best suit them,career,,5,,,
825,310,Depth5_703,Depth4_538,"students should be told about all career options throughout education , but also university should be accessible and affordable for people from all backgrounds .",career,background,5,,,
826,311,Depth5_707,Depth4_545,they shouldn't go into higher education if they don't understand the money side . they need to afford the bill at the end of the day as they are given a service ( education ),afford,,5,,,
827,312,Depth5_708,Depth4_545,it is unfair for anyone to have a significant debt hanging over their head for a long time for completing an education that i believe everybody is entitled to . there are many reasons people might be in a financial situation that means they can not pay the loan back,loan,debt,5,,,
828,313,Depth5_710,Depth4_500,i do n't think it is manageable at all . it basically hangs over your head forever whilst you struggle to pay taxes .,tax,,5,,,
829,314,Depth5_712,Depth4_500,affordable ' is a very subjective term ; some people will not find it affordable . the fact that loans can be written off after a certain amount of time may put people off seeking higher-paid employment .,loan,,5,,,
830,315,Depth5_714,Depth4_500,"university fees may discourage those who have no means of paying off the loans , abolishing fees would mean everyone has an equal opportunity",loan,,5,,,
831,316,Depth5_715,Depth4_516,"however , it is not always easy to balance . give them a break . the majority of careers require an advanced qualification , especially if someone wants to become a doctor .",career,,5,,,
832,317,Depth5_717,Depth4_516,"these days it has become a standard requirement to have a university education , not an advantage . the job market is poor , and many young people feel pressured into going to university .",job,,5,,,
833,318,Depth5_719,Depth4_516,"having a degree has the potential to put those who have one at an advantage , why should people be discouraged from having an education simply because they are unable to lean on parents or careers for financial support .",career,,5,,,
834,319,Depth5_720,Depth4_523,but the government are not stepping in for this surely ? too many people ? that just sounds biased .,government,,5,,,
835,320,Depth5_721,Depth4_523,there are currently insufficient scholarships to allow all those capable on low income to attend .,scholarship,,5,,,
836,321,Depth5_727,Depth4_533,"people are not usually paying from their own pocket - they rely on loans , and resign themselves to a lifetime of repaying them . i do not feel that students valuer their education more when they charged for it .",loan,,5,,,
837,322,Depth5_732,Depth4_540,"for talented young people from poorer backgrounds , the prospect of repaying their loan for many years may be the decision-maker that university is not for them , as they need money now .",loan,background,5,,,
838,323,Depth5_737,Depth4_550,"we will still end up with a disproportionate representation of wealthier students versus those from poorer backgrounds , who may not be any better than the 'good ' students who did n't meet the competitive requirements for a scholarship .",scholarship,background,5,,,
839,324,Depth5_740,Depth4_553,"not all academic people are from well off backgrounds , the loan wo n't pay for day to day living whilst studying , they should n't have to take on casual work if they 're wanting to put everything into their degree",loan,background,5,,,
840,325,Depth5_741,Depth4_553,"even if people have access to student loans , many from disadvantaged back grounds can not afford the high costs of living as well as studying with a student loan",loan,afford,5,access,,
841,326,Depth5_747,Depth4_562,it would give more freedom for people from a range of backgrounds to study and help with career progression giving them better job opportunities and knowledge,career,job,5,background,,
842,327,Depth5_748,Depth4_562,but by abolishing these fee's we are giving people from a mix of backgrounds an equal chance regardless .,background,,5,,,
843,328,Depth5_750,Depth4_562,"the people with degrees who do not earn decent money , indulged in the study of useless subjects with no or very little commercial value . what a waste of time and effort that is a waste of tax payer resources .",tax,,5,,,
844,329,Depth5_754,Depth4_572,"without uni fees , people will be more knowledge and there will be a significant increase in the amount of people going for better paid jobs , this would mean the country would be richer",job,,5,,,
845,330,Depth5_756,Depth4_572,everyone should be able to enter it for education . even if that person had a poor background maybe they can change it by going,background,,5,,,
846,331,Depth5_761,Depth4_582,"loans always cause debt . loan companies would be out of business if they just gave money away , the interest rates they apply and expect people to default is what brings in profit for them",interest,loan,5,debt,,
847,332,Depth5_762,Depth4_582,why should people have to accept debt because they want to better themselves and learn ?,debt,,5,,,
848,333,Depth5_765,Depth4_582,many people accept uni debts as there is no other way to finance there education,debt,,5,,,
849,334,Depth5_767,Depth4_582,some students have n't been taught financial literally and do n't have the knowledge or experience to handle loans or understand implications of not paying them off,loan,,5,,,
850,335,Depth5_769,Depth4_589,"that option isn't available for all , it is only available for a percentage . by making it free for all you will have an even playing field",free,,5,,,
851,336,Depth5_770,Depth4_589,not only rich people should have this type of education . all types of people should have access,access,,5,,,
852,337,Depth5_774,Depth4_589,students may feel lesser than the other students who are able to afford the fees and this may impact on their wellbeing and desire to go to university,afford,,5,,,
853,338,Depth5_777,Depth4_605,everyone should have access no matter how wealthy you are yet at the same time as getting paid at uni you should still be trying to get money together,access,,5,,,
854,339,Depth5_782,Depth4_558,the university fees should be abolished because its not fair on those who want to achieve an education and can not afford to do so . university fees will put young people into debt .,afford,debt,5,,,
855,340,Depth5_785,Depth4_558,we do n't want to encourage students to go abroad - rather they should stay here and pay their taxes once they have graduated .,tax,,5,,,
856,341,Depth5_786,Depth4_558,"there are always going to be people who will miss out if they have to rely on scholarships , never mind having to literally go abroad to get them . it is discrimination to force that onto people who are exceptional but have fewer means .",scholarship,,5,,,
857,342,Depth5_792,Depth4_575,i think it is unfair to expect young people or their parents to fork out the high costs of university fees . i think education should be free .,free,,5,,,
858,343,Depth5_796,Depth4_575,"the money that is given for student loans is a paid back so slowly that it is almost pointless in itself . just because it does not affect credit rating does not mean that it is necessary , useful , or a good idea .",loan,,5,,,
859,344,Depth5_797,Depth4_583,"it does n't matter that the person does not pay the fees back until they have acquired a certain pay from their job , as in the meantime interest is adding up to more fees .",interest,job,5,,,
860,345,Depth5_798,Depth4_583,"but by the time the student is in a decent job , interest rates will have increased the amount of debt that they own , making it near impossible to pay back .",job,debt,5,interest,,
861,346,Depth5_800,Depth4_583,this will affect women in particular who may have to have time out of their job to have children as uch the loan will take years to pay back .,loan,job,5,,,
862,347,Depth5_804,Depth4_591,but not all backgrounds can afford it even if they are are exceptional students . you and i both know this actually means the higher class .,afford,background,5,,,
863,348,Depth5_807,Depth4_606,"not everyone can earn the right to a scholarship , and there is not enough for everyone , therefore the fees should be abolished allowing anyone to go to university .",scholarship,,5,,,
864,349,Depth5_808,Depth4_606,"somebody may be very talented in a certain area , that is not necessarily educational . this makes it more unlikely for them to achieve an academic scholarship .",scholarship,,5,,,
865,350,Depth5_810,Depth4_606,paying a portion of a student 's loan off for entering specific fields may fill gaps in the job market where a need is identified for graduates to fill particular roles for example teaching .,loan,job,5,,,
866,351,Depth5_812,Depth4_152,"university is education , therefore it should be tax funded , people who go to university do so with the intention of then heading into full time work which will result in them paying taxes and contributing to society .",society,tax,5,,,
867,352,Depth5_813,Depth4_152,"education should not be taxed , it should be seen as an accessible right for all to access .",access,,5,,,
868,353,Depth5_816,Depth4_152,if there are more people who are university educated then they will be earning a higher salary and therefore paying more tax ; it could be a self perpetuating system as long as there are stricter entry criteria .,tax,,5,,,
869,354,Depth5_819,Depth4_561,education should not be free and people should meet certain criteria to be considered however fees shouldn't be so high that people can not afford it .,afford,free,5,,,
870,355,Depth5_824,Depth4_571,it shouldn't be based on class on backgrounds by opening up fees to a decent amount people would work harder to gain the places .,background,,5,,,
871,356,Depth5_826,Depth4_571,"that would enrich everyone 's experience and could serve to eliminate class eventually , at least as regards those from poorer backgrounds being seen as of lower intelligence .",background,,5,,,
872,357,Depth5_828,Depth4_585,"but it is still a looming pressure and concern for the graduate . they aim to find a decent paying job , but know that some of that salary they will never see .",job,,5,,,
873,358,Depth5_829,Depth4_585,not everyone can afford loans and i believe people should pay back in full but at there own rate .,loan,afford,5,,,
874,359,Depth5_832,Depth4_593,people still require money to live whilst at university and having free education will be a motivating factor in being able to go away and live elsewhere without the burden of debt,free,debt,5,,,
875,360,Depth5_833,Depth4_593,but the monetary consideration puts a lot of people who are from low income families off .,family,,5,,,
876,361,Depth5_835,Depth4_593,everybody should attend on equal footing - free of charge at the point of delivery .,free,,5,,,
877,362,Depth5_840,Depth4_609,"the burden should be on the government , not scholarships or charity . this can reduce pressure on students to study only what is profitable",scholarship,government,5,,,
878,363,Depth5_843,Depth4_611,"a large proportion of those people can actually afford it though whereas fresh graduates or new students are much more likely to be unable to . they may never earn enough to do so , if uni fees are n't abolished .",afford,,5,,,
879,364,Depth5_844,Depth4_611,i do not see a problem with increasing tax on the ultra rich in order to help educate the ordinary people .,tax,,5,,,
880,365,Depth5_846,Depth4_611,"it is better to spread out the costs for education across all of society , rather than burdening young students with piles of debt .",society,debt,5,,,
881,366,Depth5_847,Depth4_625,"loans are paid back only when the person is earning enough to afford to pay them back . this can come directly out of wages , and is therefore not that noticeable .",loan,afford,5,,,
882,367,Depth5_850,Depth4_625,not all graduates earn high salaries especially in the public sector . these people will be in debt for a long time,debt,,5,,,
883,368,Depth5_851,Depth4_625,"university degrees do n't always translate to great jobs . and the market is weak , so they do n't even have that guarantee .",job,,5,,,
884,369,Depth5_852,Depth4_636,"some people can not afford the prestige of a paid degree . education should be free to all , so that there is equality of opportunity .",afford,free,5,,,
885,370,Depth5_854,Depth4_636,in this economy students do n't care about prestige . the majority of students just want a stable job .,job,,5,,,
886,371,Depth5_860,Depth4_648,loans could still be made available for living costs but removing fees would reduce the debt burden hugely,loan,debt,5,,,
887,372,Depth5_861,Depth4_648,"they should n't be in a position to have to either take on debt , or not go to university . that would just close off university to a select elite .",debt,,5,,,
888,373,Depth5_863,Depth4_657,"many external loans companies which assist students have poor communication with relevant bodies and often pay them late , which can put them at a huge disadvantage before they even begin studying .",loan,,5,,,
889,374,Depth5_866,Depth4_657,the reality is though that the government wont ( and has n't ) enforced the loan companies to do their job correctly ; and this will still pile undue stress on students .,loan,government,5,job,,
890,375,Depth5_870,Depth4_667,taking a part time jobs to pay fees can have a negative impact on results as there is less time to study . this impacts lower income students more and means they are less likely to get a high paying job on graduation,job,,5,,,
891,376,Depth5_871,Depth4_667,"grants only go to a select few students , which limits the good they can do . as for part time jobs , why have fees to set up great institutions and courses if students then have to divide their attention between education and work ?",job,,5,,,
892,377,Depth5_872,Depth4_620,"ambitions and education would be more accessible and appealing if it was free , as money would not be a consideration",free,,5,,,
893,378,Depth5_873,Depth4_620,people shouldn't be encouraged to get into debt at such a young age if fees were abolished then there would be no need for student loans,loan,debt,5,,,
894,379,Depth5_876,Depth4_620,students have to be totally dedicated to there chosen career path before they get loans,loan,career,5,,,
895,380,Depth5_879,Depth4_633,scholarships are limited and only available to a small percentage of the people who are lower incomes . this would only solve the problem for a few people .,scholarship,,5,,,
896,381,Depth5_882,Depth4_646,debt interest rates are so high that it becomes impossible to pay back . year by year the debt is increasing and even with a good job it is hard to repay .,job,debt,5,interest,,
897,382,Depth5_884,Depth4_646,the competition to get a job after completing a degree is so fierce that many people struggle to get jobs at all and so they do not have a company paying taxes to the government .,government,job,5,tax,,
898,383,Depth5_888,Depth4_653,if there were no fees then loans would not be needed therefore eradicating this problem altogether,loan,,5,,,
899,384,Depth5_891,Depth4_653,if there wasnt some sort of loan system then only well off people would be educated,loan,,5,,,
900,385,Depth5_893,Depth4_659,everyone should be entitled to the education they want without being forced into getting into debt and dealing with the stress debt causes,debt,,5,,,
901,386,Depth5_894,Depth4_659,most loans don't cover the living fees for students and they are not in the place to be able to afford to invest in their education by themselves .,loan,afford,5,,,
902,387,Depth5_895,Depth4_659,a student loan is not always beneficial i have a very good paid job from aat tuition that cost around a tenth of the cost of university and good career progression,loan,career,5,job,,
903,388,Depth5_903,Depth4_622,the thought of looming debt puts a lot of people off going to university . loans and repayments are not always fully explained or understood by students .,loan,debt,5,,,
904,389,Depth5_905,Depth4_622,people should not have to get in to great amounts of debt to get an education to give them a better quality of life,debt,,5,,,
905,390,Depth5_906,Depth4_622,loans can only be viable if the government has a plan in place in order make constructive decision if they can decide what will be the rate of interest charged .,interest,loan,5,government,,
906,391,Depth5_908,Depth4_635,"scholarships are not always a motivation , as students know they still have money to pay and debt payments .",scholarship,debt,5,,,
907,392,Depth5_909,Depth4_635,allowing everyone access to university resulted in a lot of people having degrees and not taking entry level jobs . the loans are partly the issue and should not give a better alternative than joining the workforce when applied to some arts degrees .,loan,access,5,job,,
908,393,Depth5_910,Depth4_635,sometimes people would want to do a course but they should not be put off doing one because they can not financially afford to do so,afford,,5,,,
909,394,Depth5_915,Depth4_647,"the government is always in debt and they can find some other way to make money , it 's not fair that people should suffer because of this",government,debt,5,,,
910,395,Depth5_916,Depth4_647,but it will leave other student who can not afford to repay back under more difficulty .,afford,,5,,,
911,396,Depth5_919,Depth4_656,the loan system does give people more money than they usually would at that age . essentially this in itself affects the economy as money is paid into social activities more than others .,loan,,5,,,
912,397,Depth5_926,Depth4_666,but the incentive to work in london in terms of higher wage salary would help to repay the loan much sooner than later .,loan,,5,,,
913,398,Depth5_934,Depth4_674,"further education can lead to better jobs however , graduate saturation is high and hard skills are in high demand but low supply .",job,,5,,,
914,399,Depth5_936,Depth4_674,"just because you continue on to education does n't necessarily mean the jobs are better . many skilled trades such as plumbing and construction pay well , and do not require university degrees . people in these careers also gain valuable life experiences .",career,job,5,,,
915,400,Depth5_937,Depth4_674,"furthering education should be a choice and young people should not feel like they have to do this , there are also many benefits to coming out of education and getting on the career ladder at a young age , this can also benefit the economy",career,,5,,,
916,401,Depth5_938,Depth4_687,in order to get a job you need to determined the kind of people who show little enthusiasm or determination are not likely to get a job in the area they study as they have no drive . students with a drive will get to where they want to be .,job,,5,,,
917,402,Depth5_946,Depth4_698,lower class students may be in broken families and therefore may lack the support in applying for these funding options and may lack personal confidence to push themselves forward .,family,,5,,,
918,403,Depth5_948,Depth4_698,"while the extra help may be available not all students can access it or are aware that they can access it . students from certain economic backgrounds may just miss out on specific funding , leaving them unable to go to university .",access,background,5,,,
919,404,Depth5_949,Depth4_698,"people can be passionate and motivated and still fail , they should n't be punished with huge debts just because they are n't as clever as someone else , when people choose to further their education it 's by choice so i 'm not sure their passion or motivation should be questioned",debt,,5,,,
920,405,Depth5_950,Depth4_703,even the idea of a debt of any kind can actually put off a person with any form of anxiety .,debt,,5,,,
921,406,Depth5_953,Depth4_703,"it is paid back bit by bit , but interest rates continue to soar . this means that the overall debt to be paid back is becoming impossible to pay off .",interest,debt,5,,,
922,407,Depth5_954,Depth4_703,"while it is paid back at a small percentage , this is still a percentage of our earnings . for students who support families and others , this small percentage may make all the difference .",family,,5,,,
923,408,Depth5_957,Depth4_712,"why should those people have to miss out on higher education just because they may not be comfortable taking on the debt , if anything they are being sensible about what they can afford",afford,debt,5,,,
924,409,Depth5_958,Depth4_712,"many jobs these days do not hire apprentices , furthermore many apprenticeships are low pay and a student may be unable to afford them .",afford,job,5,,,
925,410,Depth5_960,Depth4_712,not everyone is in a financial situation where they are able to take on additional debt . that does n't mean they should be denied opportunities the rest of us can access,access,debt,5,,,
926,411,Depth5_962,Depth4_724,everyone should have an equal chance nobody should stand in a better position . if you are determined and want it you should be entitled to education and access to those jobs .,access,job,5,,,
927,412,Depth5_964,Depth4_724,many students are born in low wage families and are therefore disadvantaged from the beginning . these students may have high potential but be unable to progress to university due to costs .,family,,5,,,
928,413,Depth5_966,Depth4_724,"often the lower paying fields are essential to society . why should sick people and children be treated by people forced into careers they did n't want , just because they were unable to get the top job .",society,career,5,job,,
929,414,Depth5_970,Depth4_679,"i would like put a point of view that time is money , which could be used to gain skill while on the job . i think workplace experience would be much more beneficial without piling up debt .",job,debt,5,,,
930,415,Depth5_980,Depth4_699,university fees should not put people off wanting an education their should be no price to an education . people may think they are not worthy of a job due to income which is never the case .,job,,5,,,
931,416,Depth5_984,Depth4_699,it 's not fair that people that have worked hard to get a good career have to pay back so much therefore earning as much as someone that did n't go to university .,career,,5,,,
932,417,Depth5_990,Depth4_716,"debt causes stress for many people , especially when the debt is there because you wanted to better yourself .",debt,,5,,,
933,418,Depth5_991,Depth4_716,"but the question is if they get a good job to pay the loan back . jobs are becoming increasingly competitive to attain , leaving some people in the dark when they leave university .",loan,job,5,,,
934,419,Depth5_994,Depth4_726,"there are many factors to count when deciding to go to university a person 's career , what he would like to do in life to have a sustainable income .",career,,5,,,
935,420,Depth5_995,Depth4_726,"yet the future costs may stop from doing what they actually find most passionate and force them down a new path , which may mean that original career finds less people going to it causing it all sort of problems in the future .",career,,5,,,
936,421,Depth5_996,Depth4_726,people will be more encouraged to study for what they want to do and not just the higher paid jobs if they are n't vindicated when going for a lower paid job .,job,,5,,,
937,422,Depth5_999,Depth4_735,"this is not true as they may study a degree in a subject and yet then still work practically in it , keeping their interest second . also , they can give advice on site and take supervisor/managerial roles whilst still being capable of filling physical needs .",interest,,5,,,
938,423,Depth5_1002,Depth4_735,"there are enough people to do non university jobs without more people going to university affecting these jobs . with more people qualifying for higher rated jobs , there will be more work for the unemployed .",job,,5,,,
939,424,Depth5_1008,Depth4_681,"however , this is a massive drain on government funds - as most people will never pay these fees back in full making them pay is a complete fallacy and essentially just an additional tax on the wealthy few repaying student debt",government,debt,5,tax,,
940,425,Depth5_1009,Depth4_691,"but we have seen rent rising in most areas , with no rise int eh loan amount meaning many students have to rely on the bank of mum or dad or can not not afford to probable afford university",loan,afford,5,,,
941,426,Depth5_1010,Depth4_691,"the fees should not be necessary , the government should fund education for people , especially the lower class . they will have run up far more debt that just a student loan and will find it very difficult to pay it back .",loan,government,5,debt,,
942,427,Depth5_1013,Depth4_691,"the government must n't pass the buck of looking after those from less privileged backgrounds to universities - it is the government 's responsibility to ensure equal access to education , not just providers '",access,government,5,background,,
943,428,Depth5_1015,Depth4_702,"it is not a students choice to be poor in the first place , they should receive all the help they can get including a good education . loans should not be a part of the choice of whether they should get further education to better themselves .",loan,,5,,,
944,429,Depth5_1016,Depth4_702,schools push students to go to university and it is mandatory for many entry level careers now,career,,5,,,
945,430,Depth5_1017,Depth4_702,"students are absolutely compelled as expectations from employers are steadily becoming more and more ridiculous and many ask for a degree even for very easy roles . so , students who could n't afford uni , but are perfectly capable of the job , will be unfairly automatically screened out .",afford,job,5,,,
946,431,Depth5_1020,Depth4_717,"yes , but if the person is lucky enough to get a good job they will still not find it easy to repay a loan as they will have many other financial commitments . this will add stress and worry to their lives .",loan,job,5,,,
947,432,Depth5_1022,Depth4_717,a person can not be expected to never reach this threshold and once they do even tiny amounts of debt can cause a lot of stress if ongoing for a large period of time . especially where fully repaying it may seem an impossible task .,debt,,5,,,
948,433,Depth5_1023,Depth4_717,"but this reverts the debt to the public purse and the taxpayer , such that government is n't just covering costs for universities , it 's also paying a high markup from the universities which it likely would n't be charged if it had an agreement to fund all he courses",government,debt,5,,,
949,434,Depth5_1024,Depth4_727,"that could be argued as unfair as its not the person who got the best out of uni and a better job , having to pay it back but someone who failed or found a less well paid job gets off cost free .",free,job,5,,,
950,435,Depth5_1025,Depth4_727,"it is unfair to expect students to live with the worry of having to repay a loan , they might even be forced to turn down a good job because it will take them into the higher pay threshold .",loan,job,5,,,
951,436,Depth5_1026,Depth4_727,it makes sense to incentivise careers that are most needed in society regardless of their pay,society,career,5,,,
952,437,Depth5_1028,Depth4_727,"but it 's about fear of debt , whether or not it 's likely to be paid back can keep people awake at night - debt is a terrifying concept for many",debt,,5,,,
953,438,Depth5_1029,Depth4_736,"however , university also provides more than just a course , with social aspects and fiscal responsibility/independence , which allows people to grow are quicker and to give them time to find their right career path for them",career,,5,,,
954,439,Depth5_1033,Depth4_736,"by that logic , should schools be free ? obviously not . upskilling the population and providing fair and equitable access to higher education should be considered as important to the progression of society as free education in schools",society,free,5,access,,
955,440,Depth5_1035,Depth4_740,having to take out any type of loan means there are still hidden costs in going to uni,loan,,5,,,
956,441,Depth5_1036,Depth4_740,"as they will be spending more of their disposal income in the economy it will grow meaning greater prosperity for all . increasing income from vat , corporation and income tax revenues to government making it more affordable for the government to provide free university places for all",free,government,5,tax,,
957,442,Depth5_1037,Depth4_740,i do n't believe that paying all the money to get further education is worth it . there is no guarantee that you will get a job straight away after leaving university,job,,5,,,
958,443,Depth5_1038,Depth4_740,there is no guarantee people will earn enough after gaining their degree and therefore their debt will remain with gaining interest for many years more . i do n't think it is fair to saddle people with this debt .,interest,debt,5,,,
959,444,Depth5_1039,Depth4_749,"they are not guaranteed to be earning a good amount in today 's job market , therefore fees make university a big gamble .",job,,5,,,
960,445,Depth5_1041,Depth4_749,some gifted students particularly those from a poorer background will be put off from doing university courses as they see the level of debt that they will incur as a huge burden on them for the rest of their lives .,debt,background,5,,,
961,446,Depth5_1042,Depth4_749,"you do n't have to go to university to be able to succeed . plus student loan will help you during your time at university , but what about after you leave uni ?",loan,,5,,,
962,447,Depth5_1044,Depth4_764,if there is no way to determine what jobs contribute to society then why not scrap all course fees ? doing this would undeniably benefit society .,society,job,5,,,
963,448,Depth5_1046,Depth4_764,surely it is best to attract the best possible candidates to such roles who will by the very nature of the job they eventually perform will contribute greatly to society,society,job,5,,,
964,449,Depth5_1048,Depth4_764,"service jobs such as teaching and nursing are always low paying and undervalued , therefore it is important that these jobs are excluded from fees in order to retain a large service workforce .",job,,5,,,
965,450,Depth5_1049,Depth4_773,how easy or hard a career is to get into should not affect how much a course costs .,career,,5,,,
966,451,Depth5_1051,Depth4_773,burdening students with debt worries whilst they are studying adds to the pressures that they face and can lead to increased drop out rates .,debt,,5,,,
967,452,Depth5_1053,Depth4_773,if some careers are harder to get into then more people should be given a chance to train for those jobs and not be excluded because of fees .,career,job,5,,,
968,453,Depth5_1054,Depth4_793,"actually more and more young people are already choosing apprenticeships etc over university . also , there is no disadvantage to having a degree , other than the debt .",debt,,5,,,
969,454,Depth5_1060,Depth4_799,"they would like to educate themselves free of debt , there is no telling what the job market will be like for them after , no matter the the level of education",job,free,5,debt,,
970,455,Depth5_1061,Depth4_799,for some the most worthwhile jobs for instance in social sector they are never likely to earn the minimum income threshold so whats the point of burdening them with debts that will never be repaid,job,debt,5,,,
971,456,Depth5_1063,Depth4_799,the debt is not a tiny fraction if you are in a service job such as nursing and have to pay for rent and living expenses . people should not have to pay for university fees as well which will place a huge strain on them .,job,debt,5,,,
972,457,Depth5_1064,Depth4_744,it will increase the amount of employed people if free university places are given meaning more given back in taxes,free,tax,5,,,
973,458,Depth5_1065,Depth4_744,"but most graduates would be willing to replace fees with a small education tax , say 0.5 % , which would achieve the funding needed to make universities free in the first place .",free,tax,5,,,
974,459,Depth5_1067,Depth4_744,"this is a long term investment , the funds must be found initially , but then it will pay for itself , with those students paying taxes and contributing to the economy spending their expendable income .",tax,,5,,,
975,460,Depth5_1069,Depth4_750,those people who want to be doctors or solicitors may have the intelligence but may not have the finances to fund it themselves or from family members .,family,,5,,,
976,461,Depth5_1070,Depth4_750,"this is true , but they are also essential to our society , particularly doctors , so it seems redundant that only those who can afford to become them do so .",society,afford,5,,,
977,462,Depth5_1071,Depth4_750,not everybody who wants to be a doctor or nurse are able to go through uni as they just don't have the finances and by allowing the abolishment of fees will increase the number of people within special vocational jobs like a doctor,job,,5,,,
978,463,Depth5_1072,Depth4_750,"they may have thought about fees , but not everyone will be willing to take on a large debt , no matter if they feel a drive to follow a particular profession , nor does everyone have parents who will contribute towards their fees .",debt,,5,,,
979,464,Depth5_1076,Depth4_766,the government already take taxes and insurance from working people so why should be people like a doctor or nurse have to pay twice when technically they are already giving money back,government,tax,5,,,
980,465,Depth5_1077,Depth4_766,"these people have spent years training , the money has n't be frivolously spent on having fun . we pay people plenty of money in unemployment benefits who give nothing back in the way of taxes .",tax,,5,,,
981,466,Depth5_1079,Depth4_774,"they may not be able to get in to university if they have to pay university fees , equal opportunities are given to all i it was made free .",free,,5,,,
982,467,Depth5_1082,Depth4_774,"scholarships are limited . even to apply for a place at a university you need money , then you need to be able to access a university . if you do n't live in a university town or city , just moving to a new place is impossible for some students from low income families .",family,access,5,scholarship,,
983,468,Depth5_1085,Depth4_794,"and if both paths are free for the candidate , their choice will be balanced and appropriate for them .",free,,5,,,
984,469,Depth5_1087,Depth4_794,"it 's all about opportunity . while not everyone is academically minded , everyone has some skill or talent that can be developed . either way , training costs money and all should be able to maximize their potential without being saddled by debt at the end of it .",debt,,5,,,
985,470,Depth5_1089,Depth4_801,"but it wouldn't encourage people to go for higher paid jobs as they would have to be paying a lot more than anyone else , making i free would eliminate that .",free,job,5,,,
986,471,Depth5_1090,Depth4_801,"but manageable repayment amounts does not mitigate the fact that one of the main reasons people go to university is to eventually earn more over their careers , not earn less because of a poor jobs market and ever-present debt .",job,career,5,debt,,
987,472,Depth5_1095,Depth4_748,"the cost to the tax payer would be marginal , the cost of fees for each student , and the burden of having debt `` hanging over them '' , is much greater and potentially detrimental to their quality of life and well-being .",debt,tax,5,,,
988,473,Depth5_1097,Depth4_748,"the loan ties them to debt for up to 30 years , the compiling interest on the debt further decreases the likelihood of repayment",interest,loan,5,debt,,
989,474,Depth5_1098,Depth4_748,"but their can only be more tax payers if more people work . with abolished fees and consequently no loans to repay , more people will choose to go to universities which in return will have more people in employment generating more tax",loan,tax,5,,,
990,475,Depth5_1099,Depth4_751,it will only allow wealthy people to be able to achieve these job roles and less and less working class will be becoming doctors etc,job,,5,,,
991,476,Depth5_1100,Depth4_751,"all sectors of society need solicitors and doctors . giving these students these experiences does n't only benefit the students , but society as a whole .",society,,5,,,
992,477,Depth5_1101,Depth4_751,"other countries , such as scotland , operate a free university system so their solicitors and doctors get that education for free , why couldn't that work here ?",free,,5,,,
993,478,Depth5_1104,Depth4_767,if we don't start giving these professionals some appreciation and motivation to complete their training and continue their jobs we will lose them,job,,5,,,
994,479,Depth5_1105,Depth4_767,children do n't have to pay to go to school . fees also introduce additional pressure . students sometimes do n't know what their best suited to straight away . making students make a financial commitment at this young age can be stressful and is n't in anyone 's interest .,interest,,5,,,
995,480,Depth5_1106,Depth4_767,"they already pay vast amount of taxes as it is when earning a high living , to make them also pay student loans on top of this is excessive .",loan,tax,5,,,
996,481,Depth5_1107,Depth4_767,"doctors and nurses provide a vital and lifesaving care to many in need , they often work long hours under high pressure to serve society , it 's the least we could do to repay them is remove their debt .",society,debt,5,,,
997,482,Depth5_1108,Depth4_767,but the society gives a lot of benefit *free money ) to people who choose not to work . so why ca n't university fees be abolished for those who actually want to further themselves and work which in turn generates taxes for the government,society,government,5,tax,,
998,483,Depth5_1109,Depth4_785,but then anyone who can not afford it is in a negative position and limited to the type of job / career they can get,afford,career,5,job,,
999,484,Depth5_1110,Depth4_785,"you never know where a degree will take somebody . forcing students to commit to a certain career path at such a young age is n't helpful . a course that might be seen as `` personal choice '' , might later lead to a useful job .",career,job,5,,,
1000,485,Depth5_1113,Depth4_785,but those jobs that do n't need a degree are limiting . most occupational require a university degree . abolishing the fees will make those career options more desirable,career,job,5,,,
1001,486,Depth5_1114,Depth4_796,there are lots of options for everyone to achieve their desired goal/ career . they will just have to be prepared to pay their loan back,loan,career,5,,,
1002,487,Depth5_1115,Depth4_796,"university students often work just as hard as those pursuing apprenticeships etc. , and their future careers can also be useful to society , so why should they pay but not the others ?",society,career,5,,,
1003,488,Depth5_1118,Depth4_796,but they could be the first in their family that want to go to university amd pursue a certain career and are being deterred due to the high fees . by having access to it for free they could be breaking out a vicious circle they 've found themselves in .,family,free,5,access,career,
1004,489,Depth5_1119,Depth4_804,but they will be practically paying their loan back forever and the interest rate is not as low as they make out .,interest,loan,5,,,
1005,490,Depth5_1120,Depth4_804,"they still have debt `` hanging over them '' and have to worry about paying it off , often at the stage of life when people are trying to save for a house etc .",debt,,5,,,
1006,491,Depth5_1121,Depth4_804,if the interest rates are so low is there any real benefit to having charges in the first place ?,interest,,5,,,
1007,492,Depth5_1124,Depth4_811,"it 's not that easy to find a new job , especially one that you personally enjoy , and pays a decent wage .",job,,5,,,
1008,493,Depth5_1126,Depth4_811,"this is not the case for every one . some jobs require certain skills or qualifications that not everyone has . certain companies/jobs require a minimum educational background , which some people do not qualify for , and would not be given the chance to compete for based on their skills .",job,background,5,,,
1009,494,Depth5_1128,Depth4_811,abolishing university fees would give people greater choice about what jobs they could have by making it more accessible to all .,job,,5,,,
1010,495,Depth5_1129,Depth4_820,"not everything people pay taxes for is something they 're going to use or agree upon . but it goes towards the overall wellbeing of the country , and will help millions of people every day .",tax,,5,,,
1011,496,Depth5_1131,Depth4_820,"whether or not they care about what tax payers money is going towards is irrelevant , certain things such as the nhs is funded by tax which at some point in our lives we all rely on , regardless of income .",tax,,5,,,
1012,497,Depth5_1133,Depth4_820,you have to look at the bigger picture of what a university education would give those to enable then to contribute more to society .,society,,5,,,
1013,498,Depth5_1134,Depth4_831,"but if we abolish tuition altogether , we 're not going to need student loans because everyone will be able to go and do whatever they want to study .",loan,,5,,,
1014,499,Depth5_1138,Depth4_831,it is very harsh to saddle people with all that debt at the start of their working lives when that education benefits us all in the long run .,debt,,5,,,
1015,500,Depth5_1139,Depth4_839,"in theory , that sounds reasonable , but it just does n't work that way in practice . the more people with university degrees , the more people going up for the same job , the less chance of achieving it .",job,,5,,,
1016,501,Depth5_1141,Depth4_839,"there is such a high volume of university students these days that the job market is flooded , employers can pick and choose the best graduate for the job and often graduates are left struggling to find a ÃÂÃÂÃÂÃÂ¢ÃÂÃÂ¢ÃÂ¢Ã¢ÂÂ¬ÃÂ¡ÃÂÃÂ¬ÃÂÃ¢ÂÂ¹ÃÂÃ¢ÂÂgood job' despite having the qualifications to do so .",job,,5,,,
1017,502,Depth5_1143,Depth4_839,it can be harder to get that first job after university for some graduates over those who have been in employment longer so that does n't necessarily follow .,job,,5,,,
1018,503,Depth5_1144,Depth4_852,"what happens if i never reach that income threshold ? that 's thousands of pounds the student loan company do n't get back because after a set amount of years , it 's cleared .",loan,,5,,,
1019,504,Depth5_1149,Depth4_860,"that certain figure is only slightly above minimum wage , so people are losing almost 1/10th of their income every year to student loans . that 's a lot to someone who could be saving up for bigger and better things",loan,,5,,,
1020,505,Depth5_1152,Depth4_860,earning less makes the prospect of repayment completely unequal - some may be hesitant to pursue certain careers in fear of debt following their graduate tax .,career,debt,5,tax,,
1021,506,Depth5_1154,Depth4_813,"doing a degree is not the only way to increase maturity , life experience or to give you passion for your job . this can all be done through employment .",job,,5,,,
1022,507,Depth5_1155,Depth4_813,free university education would come at a high cost to the tax payer . not everyone who pays tax would be happy to subsidise free education as it would have no benefit to them .,free,tax,5,,,
1023,508,Depth5_1156,Depth4_813,if you are passionate about a certain career path it is your right to be able to follow it,career,,5,,,
1024,509,Depth5_1162,Depth4_821,"yes , but if we did n't have to pay for university fees it would make the system fairer , acceptance into university would be based upon academic achievement and not whether you can afford to go or not .",afford,,5,,,
1025,510,Depth5_1165,Depth4_833,"alot of the time university students just want to bum around instead of getting a job , they take out loans whilst squandering the funds with no intention of paying it back !",loan,job,5,,,
1026,511,Depth5_1166,Depth4_833,but alot of people do go to university knowing what they want to do and full intentions of paying back student loans . they have thought long and hard about it,loan,,5,,,
1027,512,Depth5_1167,Depth4_833,"but there are a lot of courses that people take which rarely translate into a career path afterwards , just the acquisition of a degree for the sake of having it , without having a clue what path they are going to take afterwards .",career,,5,,,
1028,513,Depth5_1169,Depth4_845,a lot of people that leave university do not end up paying much of their loans back due to having low paying jobs .,loan,job,5,,,
1029,514,Depth5_1170,Depth4_845,free university education for all will be a complete waste of government resources as many students treat it as a chance to party with hard earned taxpayers money .,free,government,5,,,
1030,515,Depth5_1173,Depth4_845,the amount of interest put on student loans is incredibly high and shocks a lot of people .,interest,loan,5,,,
1031,516,Depth5_1174,Depth4_855,if graduates do not earn enough to pay their loan back their loan interest increases and this causes stress and they owe more and more .,interest,loan,5,,,
1032,517,Depth5_1177,Depth4_855,"yes but this has been time wasted and debt that has then been incurred for nothing , if there was no fees then at least the lack of a job does n't also have the added stress of a large amount of debt hanging over you .",job,debt,5,,,
1033,518,Depth5_1178,Depth4_855,but that shows that a university degree is not giving people what they need to get the 'good ' job it promises .,job,,5,,,
1034,519,Depth5_1179,Depth4_862,people should not be punished with an extra tax for choosing to go in to a job that requires higher education . other things like apprenticeships or courses in college do not work like this .,job,tax,5,,,
1035,520,Depth5_1180,Depth4_862,i totally agree that students should sign an agreement to pay back the money by a reasonable time frame and this money put back into our society .,society,,5,,,
1036,521,Depth5_1181,Depth4_862,it is one thing to have debt because of borrowing for items etc but to have large debts for education isnt fair as we need people to do these specialist jobs,job,debt,5,,,
1037,522,Depth5_1183,Depth4_862,the system is so complicated and flawed that you can not expect people to understand . if it were free people would not be overloaded with information .,free,,5,,,
1038,523,Depth5_1184,Depth4_814,but having the choice to go to university to get ahead in employment without getting into thousands of pounds of debt should be a right .,debt,,5,,,
1039,524,Depth5_1185,Depth4_814,many people do n't like being in debt and may feel pressured to search for higher paying jobs to pay off their loan .,job,loan,5,debt,,
1040,525,Depth5_1189,Depth4_814,the loans take years to pay off and usually a person will not get a job straight after graduating so it will take them a very long time to pay this loan off,loan,job,5,,,
1041,526,Depth5_1191,Depth4_824,other countries are able to provide their students with free education . we should give the young people most opportunities to get the best out of them .,free,,5,,,
1042,527,Depth5_1192,Depth4_824,everyone who graduates university will eventually fall into higher paying jobs thanks to their education and will be paying more in taxes so will eventually pay back the fees without loans .,loan,job,5,tax,,
1043,528,Depth5_1194,Depth4_824,"it could be argued that children from families who pay tax are more entitled to university education , especially those whose parents have always worked and paid taxes .",family,tax,5,,,
1044,529,Depth5_1199,Depth4_835,"university would not seem out of reach for people from disadvantaged backgrounds . plus , universities could become stricter with their administration process if it wasn't all a money making scheme",background,,5,,,
1045,530,Depth5_1201,Depth4_835,this is correct however by going to university they are acquiring skills of a competent worker . even though they have no idea where they are going they can still use this degree to help get a job and boost out economy,job,,5,,,
1046,531,Depth5_1205,Depth4_848,"but people who are university educated are more likely to earn more money and thus more likely to pay more tax , so it would not create a greater tax burden",tax,,5,,,
1047,532,Depth5_1210,Depth4_858,"by allowing those from poorer backgrounds you allow more people to excel , this helps them get out of being poorer , through better employment options , eventually giving back as higher rate taxpayers .",background,,5,,,
1048,533,Depth5_1212,Depth4_858,"there is no guarantee that students will work in the field of their degree after studying , this may mean that they are potentially earning much less than other graduates and take much longer to pay off their loans .",loan,,5,,,
1049,534,Depth5_1213,Depth4_858,those in wider society who are able to help the less fortunate as much as possible . the gap is only growing bigger and this must be stopped . also these 'huge incentives ' are means tested and for those who are extremely poor only .,society,,5,,,
1050,535,Depth5_1215,Depth4_866,"fees dont necessarily make students value their education . self motivation and value comes from within , the realisation of the scale of the debt comes when students mature .",debt,,5,,,
1051,536,Depth5_1217,Depth4_866,"the idea of having a fee as just a way to make students value education is silly . the loans provided for university are often not seen as real debt , but a necessity in order to better themselves and reach their goals . why add an extra unnecessary burden ?",loan,debt,5,,,
1052,537,Depth5_1220,Depth4_872,fees should be abolished as to give the poorest students get some qualification . which would help them to get a well payed job,job,,5,,,
1053,538,Depth5_1221,Depth4_872,"yes but if a post-graduate is just over the threshold , they will automatically have to start paying back which will lower their household income . it would be more beneficial to get a job with a salary just under the threshold so you do n't start paying it back .",job,,5,,,
1054,539,Depth5_1222,Depth4_872,"this incentivises students to take lower paying jobs , thus defeating the point of their higher education and hindering the universities as they never receive their money .",job,,5,,,
1055,540,Depth5_1227,Depth4_880,"this encourages leaving students to not pay the debt back , hindering both the student for limiting themselves and the university for never receiving the loan back .",loan,debt,5,,,
1056,541,Depth5_1229,Depth4_880,"the additional psychological pressure of a student loan may prevent students from performing well and may even precipitate mental health illness that would cost the nhs , and the taxpayer , even more money",loan,,5,,,
1057,542,Depth5_1231,Depth4_902,students often need to work unsociable hours ( at clubs and bars for example ) as these are the most readily available jobs for them . this fatigue and working can lead to even the brightest of students starting to fail and struggle .,job,,5,,,
1058,543,Depth5_1237,Depth4_910,"more funding should be provided , so that the country may reap the rewards in the future . alongside this , university 's would still require high enough grades for entry , without hindering the student success with heaps of debt .",debt,,5,,,
1059,544,Depth5_1239,Depth4_910,the current university fees may discriminate those from poorer backgrounds due to financial pressures . these individuals are as much a part of our society and others and deserve the right to go to university .,society,background,5,,,
1060,545,Depth5_1241,Depth4_921,the student loan will just lead them into more debt which will be charged with interest meaning they 'll have even higher debts at the end .,interest,loan,5,debt,,
1061,546,Depth5_1242,Depth4_920,"a student loan is not something that can or should be forgotten about , they will need to pay it back or choose a low paying job which defeats the whole point of university and detriments the university itself also .",loan,job,5,,,
1062,547,Depth5_1243,Depth4_920,some people may not want to have debt for the next however many years . people should have the ability to gain human capital in the way they wish without being penalised financially,debt,,5,,,
1063,548,Depth5_1244,Depth4_920,"providing a student with a loan that they will have to pay back is far from absolving any worry about steep fees . if anything , it is simply increasing the fees they will ultimately have to pay back .",loan,,5,,,
1064,549,Depth5_1246,Depth4_931,"the loans should be used for whilst at university , not to fund their life post university .",loan,,5,,,
1065,550,Depth5_1247,Depth4_931,accurate assessments should be made on all applications of these systems before any loans are given to ensure the individual is abusing the system .,loan,,5,,,
1066,551,Depth5_1248,Depth4_931,people again may not want to spend however long paying back a loan over time and see this as a disincentive to academic achievement . this may reduce the number of workers in certain professions in the future,loan,,5,,,
1067,552,Depth5_1250,Depth4_875,"whilst there is financial support for students , it 's often by means of loans which students must pay back with the addition of interest .",interest,loan,5,,,
1068,553,Depth5_1252,Depth4_875,one of the key things that students may feel is pressure to pay for their learning which gets them into debt and getting the part time job may help financially but will be draining and detrimental to health and likely cause decrease in activity in grades and studying .,job,debt,5,,,
1069,554,Depth5_1253,Depth4_875,abolishing students fees means that lower income families find education more accessible . it would also encourage students who had previously dismissed the idea because they did not want to be in debt at the beginning of their careers .,family,career,5,debt,,
1070,555,Depth5_1258,Depth4_882,having debt hung over your head at such a young age is not good for mental health you would n't encourage an 18 year old to take out a mortgage for exactly this reason .,debt,,5,,,
1071,556,Depth5_1259,Depth4_882,it is better to life without debt than start your life with one even if it is small,debt,,5,,,
1072,557,Depth5_1260,Depth4_906,student often end up needing to work in addition to the loans as they are not enough to pay for essentials and have a life . also the loans include interest .,interest,loan,5,,,
1073,558,Depth5_1262,Depth4_906,"more loans , again solidifying the point that they will always in debt to someone , we should be providing uni access to our next generation at a fraction of the cost it is now",loan,access,5,debt,,
1074,559,Depth5_1265,Depth4_917,loans are based on parental income and many parents ca n't afford to lend their child money despite earning ' x ' amount because they have their own lives and mortgages to pay .,loan,afford,5,,,
1075,560,Depth5_1268,Depth4_917,loans are provided but there are costs that occur which are not always taken into account while people from higher income families can turn to the family for financial support people from lower income families do not have this back up once the loan has gone its gone .,family,loan,5,,,
1076,561,Depth5_1272,Depth4_921,"i myself would love to go to university to study higher , however i have bills to pay and two children to fend for . it would be selfish for me to get into that much debt as i would not be able to provide them with a fair life .",debt,,5,,,
1077,562,Depth5_1273,Depth4_921,going to university would not be the easiest option of prolonging getting a job it often entails moving a long distance from home and living in a strange place where you do n't know anyone . i imagine getting a job would be much easier and much less stressful .,job,,5,,,
1078,563,Depth5_1275,Depth4_935,"yes this is true , but again interest is charged on the loan making is very difficult to pay back , if not impossible .",interest,loan,5,,,
1079,564,Depth5_1276,Depth4_935,many students are ill informed about student loans and the misconception is that student loans covers all costs of a university lifestyle .,loan,,5,,,
1080,565,Depth5_1277,Depth4_935,"everyone can apply for a student loan but that does not mean they will be accepted . it adds more pressure to their lives having to manage the debt , which most of them have not been taught how to handle money and bills during childhood",loan,debt,5,,,
1081,566,Depth5_1280,Depth4_878,"i agree that a part time job may not be intrusive but students are there to learn , to better themselves for the future not be worried about whether they can make their essay deadline after having worked a 12 hour shift",job,,5,,,
1082,567,Depth5_1281,Depth4_878,"students need to focus their time and attention on their course work , a higher grade will result in a better job down the line . better jobs will incur higher taxes putting more money into the public purse .",job,tax,5,,,
1083,568,Depth5_1282,Depth4_878,"bursaries are few and far between , most people do n't get this & end up thousands of pounds in debt before even starting their career .",career,debt,5,,,
1084,569,Depth5_1290,Depth4_883,"but because of this system we have these struggling students trying to pay off these huge debts for a considerable long time . resulting in depression , stress and anxiety for these students trying to fund their debts .",debt,,5,,,
1085,570,Depth5_1294,Depth4_907,"students may not see the Â£9000 at the time of studying , but they would however leave university more or less debt free .",free,debt,5,,,
1086,571,Depth5_1295,Depth4_907,many students work part-time and study in order to save for when they finish university and need to repay their loan . knowing they would n't have to repay a loan may help students feel less pressured into working as well as studying and could increase their performance .,loan,,5,,,
1087,572,Depth5_1296,Depth4_907,"these bright students have decide to go to university to get a degree for their future . not to worry about how they will get their degree , juggling a part time job to fund for it and keep up with their studies . they need all the support they can be offered .",job,,5,,,
1088,573,Depth5_1299,Depth4_918,the university will still receive the money as it will come from the government who are still paying the fees on the new system just ina more indirect manner .,government,,5,,,
1089,574,Depth5_1300,Depth4_918,"free education is a must for the future of our country , rather than bringing up a generation of students with crippling debts .",free,debt,5,,,
1090,575,Depth5_1301,Depth4_918,higher education used to be free and there were no issues with this . student loans are also hardly ever fully repaid meaning that these repayments are not completely necessary to fund universities .,loan,free,5,,,
1091,576,Depth5_1303,Depth4_918,the students that are raising the numbers of university attendance are the same types of students that most likely can not afford a full tuition . a big number of people going on to further education at university would have to drop their courses if the free education was not available .,afford,free,5,,,
1092,577,Depth5_1307,Depth4_927,"higher education was previously free for students and there were no problems with how it was paid for . it could also be argued that degrees were valued more highly in the past , when they were free , because less people had them .",free,,5,,,
1093,578,Depth5_1310,Depth4_936,"the assumption that students parents can fund their education is outdated and archaic , what are the students from poorer backgrounds supposed to rely on",background,,5,,,
1094,579,Depth5_1318,Depth4_939,"university fees should be abolished because not everyone who wants to go to uni can afford it . in this day and age , it is an archaic system and it needs to change .",afford,,5,,,
1095,580,Depth5_1319,Depth4_939,"if they are n't attending university , what do they need the extra finances for ? you can not give a student loan to someone not attending university",loan,,5,,,
1096,581,Depth5_1320,Depth4_939,"the government should help and support the brightest and most creative people in society in order to develop their minds . a population where great minds are fully supported to prosper benefits everyone , regardless of whether they attended university themselves .",society,government,5,,,
1097,582,Depth5_1321,Depth4_950,"yes , loans and grants enable them to fund their housing / lifestyle whilst at university .",loan,,5,,,
1098,583,Depth5_1322,Depth4_950,"loans and grants cover the costs of university , not the costs of housing , food , bills",loan,,5,,,
1099,584,Depth5_1325,Depth4_950,"everyone in society benefits if we support students from all walks of life , the contribution they make to the economy and the world easily offsets the investment .",society,,5,,,
1100,585,Depth5_1331,Depth4_969,scholarships should be given to those from under privileged backgrounds to help further them in life .,scholarship,background,5,,,
1101,586,Depth5_1335,Depth4_969,"the amount of debt that young graduates are being riddled with upon graduation is extortionate , especially when you compare it to other developed countries .",debt,,5,,,
1102,587,Depth5_1336,Depth4_977,scholarships should be provided to the younger under privileged children who are less likely to go to university otherwise .,scholarship,,5,,,
1103,588,Depth5_1337,Depth4_977,going back to education to better your and your families future is hard to do when you have bills to pay . the cost puts people off and stops people reaching their potential,family,,5,,,
1104,589,Depth5_1339,Depth4_977,"but there would be a lot of older students who do n't have the finances to save up , or the credit rating to take out a low interest loan . so they miss out on the chance to gain an extra education",interest,loan,5,,,
1105,590,Depth5_1345,Depth4_986,the fact is that people from less well off backgrounds may be put off from applying to university because they do n't want to have the burden of student debt hanging over them . the large amount of debt from attending university is a significant deterrent to many people .,debt,background,5,,,
1106,591,Depth5_1347,Depth4_944,"the government funded all students at Â£3000 p/a tuition fees , so a reduction is feasible .",government,,5,,,
1107,592,Depth5_1352,Depth4_955,agreed . people who want to attend university are able too through various loans and grants .,loan,,5,,,
1108,593,Depth5_1354,Depth4_955,university acceptance is n't only based on grades but also the person . if a person really wanted to go to university had the grades and everything but did n't have the `` flair '' the university wanted they may not get in at all forget the free scholarship,free,scholarship,5,,,
1109,594,Depth5_1355,Depth4_959,however grants and loans have to be paid back sometimes many years after graduating from university so it is still not feasible to say low earning or poor people can attend .,loan,,5,,,
1110,595,Depth5_1360,Depth4_964,all education should be free for all people regardless of their mental or physical capabilities remember steven hawkins was disabled and was one of the most brilliant minds of our time,free,,5,,,
1111,596,Depth5_1362,Depth4_972,their needs to be more done to allow lower income youth to attend university . scholarships are infrequent .,scholarship,,5,,,
1112,597,Depth5_1365,Depth4_972,once again loans need to be paid back usually with extremely high interest rates if higher loans are available then why not give them for free,interest,loan,5,free,,
1113,598,Depth5_1368,Depth4_980,"being in debt in a serious thing and shouldnt be taken lightly , it creates a great deal of stress and worry for that person",debt,,5,,,
1114,599,Depth5_1369,Depth4_980,but the biggest reason and the reason you hear about most is anything to do with university whether it be loans or fees . they eventually pile up until they become unbearable and people become homeless and such .,loan,,5,,,
1115,600,Depth5_1370,Depth4_980,being in a massive amount of debt is a bad thing yes most people have mortgages and credit cards but these things are easily repaid and easy to manage but being in debt forever is going to be a hard situation to cope with,debt,,5,,,
1116,601,Depth5_1373,Depth4_990,"if they are already struggling financially , in the long run a loan will only make things worse",loan,,5,,,
1117,602,Depth5_1374,Depth4_990,and most of the loans you hear of have interest on them . making you have to pay more than you take out . which increases over time . then you 'd need to tak out loan to pay them back and it would turn into a never ending cycle .,interest,loan,5,,,
1118,603,Depth5_1377,Depth4_949,all people have the right to higher education and student loans and grants just mean debt .,loan,debt,5,,,
1119,604,Depth5_1379,Depth4_949,"with the current scheme of loans to pay extortionate fees , students are running up huge debts . this will only deter future generations from applying to higher education institutions , therefore , our future workforces will end up with less skilled and educated employees .",loan,debt,5,,,
1120,605,Depth5_1382,Depth4_959,having the experience learned from a degree can help with job prospects which may not have been possible without the education .,job,,5,,,
1121,606,Depth5_1383,Depth4_959,vocational training can be very hard to access beyond a basic level so beyond self employment opportunities may be very limited for those who choose practical roles .,access,,5,,,
1122,607,Depth5_1384,Depth4_959,"low income families will reject higher education and end up in low skilled work . this will put pressure on their mental wellbeing , which will in turn , have a knock on effect and put pressure on our already over stretched health service .",family,,5,,,
1123,608,Depth5_1386,Depth4_974,"this may prove impossible for some people , even though they potentially would perform better than a wealthier individual , the lack of scholarships and overall funding is the root of this problem .",scholarship,,5,,,
1124,609,Depth5_1387,Depth4_974,students at university would spend their time on learning their coursework not getting part time jobs to supplement their time .,job,,5,,,
1125,610,Depth5_1389,Depth4_974,unfortunately there are a massive lack of part time opportunities available to students and they already have the pressure of their education workload too . free higher education will mean that the working classes are no longer discriminated against .,free,,5,,,
1126,611,Depth5_1390,Depth4_974,"it is n't about that , a better educated population leads to a better society . if given the choice would you rather live in a society of educated or uneducated people . the responsibility that we have as tax payers is to ensure the success of our society",society,tax,5,,,
1127,612,Depth5_1392,Depth4_984,if there are limited jobs or the job is not achieved straight away the debt will just increase .,job,debt,5,,,
1128,613,Depth5_1393,Depth4_984,"that does not at all eliminate the potential stress created by the ongoing debt . also , not everyone will earn enough to be comfortable losing some money each month for a very , very long time .",debt,,5,,,
1129,614,Depth5_1394,Depth4_984,"some of these jobs like nurses , midwives and teachers are grossly underpaid though , therefore , racking up huge university debts is putting these careers at a great risk .",job,career,5,debt,,
1130,615,Depth5_1395,Depth4_984,"again , the premise of the argument is rooted in individuals . offering free education to all improves society",society,free,5,,,
1131,616,Depth5_1396,Depth4_992,"even those with the loan system are still required to work to sustain themselves , cutting out all time for living between learning and earning .",loan,,5,,,
1132,617,Depth5_1397,Depth4_992,it 's hard enough that parents may have their own debt and expecting them to get into more debt for the education is unfair .,debt,,5,,,
1133,618,Depth5_1399,Depth4_992,many bursaries have been stopped though by the government and applications for nursing and health professions have greatly fallen as a result . this will have real negative consequences for the future of the nhs .,government,,5,,,
1134,619,Depth5_1400,Depth4_992,"why do these mechanisms exist ? they are to increase the education of the people in our society , particularly those who would struggle to afford this kind of education",society,afford,5,,,
1135,620,Depth5_1404,Depth4_1004,"the cost of living is extortionate for everyone at the moment , students do not need the additional pressure of another debt as well as their rent and bills .",debt,,5,,,
1136,621,Depth5_1405,Depth4_1004,"this should not be subjective , our own opinions of `` afford '' will always be flawed , there is data available to support the argument",afford,,5,,,
1137,622,Depth5_1406,Depth4_993,"if we value education and the benefits it brings to society as a whole , as well as the individual , we should enable students to be able to devote themselves entirely to their studies .",society,,5,,,
1138,623,Depth5_1409,Depth4_993,"all young people have the right to an education which is not paid for , its unfair to enter into debt .",debt,,5,,,
1139,624,Depth5_1415,Depth4_1009,"well yes , obviously , that is the whole point of going to university . in order to get a job within their chosen field and progress .",job,,5,,,
1140,625,Depth5_1416,Depth4_1022,"having affluent parents can make all the difference to someone 's experience at university with the support that they offer . future debt and the gradual repayment is manageable for all , but those that need help to study should have it at the time .",debt,,5,,,
1141,626,Depth5_1418,Depth4_1022,"if tuition was free for all , people would not have to seek help whatever their circumstances were",free,,5,,,
1142,627,Depth5_1419,Depth4_1022,"it makes no difference if the parents can afford this , not everyone 's can and why should they enter into debt for this .",afford,debt,5,,,
1143,628,Depth5_1420,Depth4_1022,students should not leave university with a massive debt looming over the heads which they will then spend years of their adult life repaying . education should be available to all without the worry of money and debt .,debt,,5,,,
1144,629,Depth5_1424,Depth4_1032,"it is not an insignificant amount each month , it is a big chunk of debt to pay off each month .",debt,,5,,,
1145,630,Depth5_1425,Depth4_1032,"there are enough deductions already from a monthly wage packet without having a debt repayment . how will the future generation ever get on the property ladder for instance , without financial help from elsewhere . we are creating a bigger problem .",debt,,5,,,
1146,631,Depth5_1428,Depth4_1040,"repayment comes at the worst time , when family expenses increase and the debt becomes a burden .",family,debt,5,,,
1147,632,Depth5_1429,Depth4_1040,i beg to differ how anyone can not notice a chunk of money being deducted every month to pay off a debt which they should n't have in the first place .,debt,,5,,,
1148,633,Depth5_1431,Depth4_1058,"not everyone can work whilst studying , and there are n't necessarily jobs available for all . it 's unfair that some less fortunate students sometimes need to take out additional loans .",loan,job,5,,,
1149,634,Depth5_1433,Depth4_1058,jobs are not always plentiful and are likely to be low paid . a university grant should cover more than tuition and include living expenses .,job,,5,,,
1150,635,Depth5_1434,Depth4_1058,"students do not have time to take out a part time job , when i was at university we were strongly advised not to as this interferes with studies .",job,,5,,,
1151,636,Depth5_1436,Depth4_995,"not everyone can get an apprenticeship in the job they want , university has so many more opportunities for people but many people can't access it . it should be made easily accessible so that more people can attend",access,job,5,,,
1152,637,Depth5_1439,Depth4_995,"however , not all future careers work well with apprenticeships including more humanity based careers and of course academia . people of a poorer background still become limited in their options due to the university fees .",career,background,5,,,
1153,638,Depth5_1444,Depth4_1010,"the majority of students have to take out loans to afford to go to university , this money often goes from the loan company to the university straight away . consequently , this devalues the idea of fees being a motivation because the weight of debt is not felt until afterwards .",loan,afford,5,debt,,
1154,639,Depth5_1446,Depth4_1023,"education is supposed to be diverse and accessible , yet they penalise people for coming from poorer backgrounds . some people may have parents who earn enough for them not to receive help yet don't earn enough to pay uni fees . some people are just scraping by",background,,5,,,
1155,640,Depth5_1449,Depth4_1023,"however , scholarships and financial help are not always readily available , and if they are and the student has successfully received the monetary aid , it is still often not enough .",scholarship,,5,,,
1156,641,Depth5_1451,Depth4_1033,"people are already in so much debt without the added stress of university fees , and even if they eventually get a high paid job , the cost of living is so high .",job,debt,5,,,
1157,642,Depth5_1454,Depth4_1033,jobs aimed at recent graduates are not necessarily higher paying as they often also require practical experience . many businesses use this to their advantage to pay lower wages .,job,,5,,,
1158,643,Depth5_1456,Depth4_1053,many students can't commit to a job as they have placements to attend . and even then the loan they have barely covers the cost of living so the money from a job would just help towards that .,loan,job,5,,,
1159,644,Depth5_1459,Depth4_1053,"sometimes it is not feasible to have a part time job whilst studying highly intensive degrees , such as medicine , as it impacts negatively on your studying and quality of life .",job,,5,,,
1160,645,Depth5_1462,Depth4_1059,"there wo n't be a higher or lower level of academic success as everybody will be operating at the same level . thus , it will be harder to set oneself above others in terms of later employment and everyone will struggle more getting a job as the result .",job,,5,,,
1161,646,Depth5_1464,Depth4_1059,"the academic standards will only rise with abolishing tuition fees as it allows an even playing field , where only academic merit is required rather than your financial background",background,,5,,,
1162,647,Depth5_1465,Depth4_1059,there all about partying nowadays and i bet most of the student loan do n't go on uni stuff,loan,,5,,,
1163,648,Depth5_1466,Depth4_1006,"a job is not guaranteed from graduating . also , lifelong debt can cause anxiety in many people and paying it over a period of years does n't make it any cheaper .",job,debt,5,,,
1164,649,Depth5_1467,Depth4_1006,some people can not afford to pay the university fees back and then have to get a loan out to help whilst they are earning in their chosen job .,loan,afford,5,job,,
1165,650,Depth5_1468,Depth4_1006,but all those who did get a free education and are now benefiting from a higher wage shod be paying - that is the circle,free,,5,,,
1166,651,Depth5_1469,Depth4_1006,thats fine but lots of people take courses that do not lead to careers that pay enough yo meet the minimum,career,,5,,,
1167,652,Depth5_1471,Depth4_1015,the government are in debt regardless and in this case there will at least be many more opportunities to alter that fact .,government,debt,5,,,
1168,653,Depth5_1472,Depth4_1015,"the government are in debt because of unemployment and paying out benefits to people who abuse the system . instead , the government should use this money to pay for university fees so more people can go to university to gain the skills they need for their chosen jobs .",job,government,5,debt,,
1169,654,Depth5_1480,Depth4_1025,"we need to encourage people from all backgrounds to go to university , otherwise the divisions in society will continue and get worse",society,background,5,,,
1170,655,Depth5_1483,Depth4_1036,it does impact on ability to get a mortgage . it impacts on my take home pay every month . it impacts on my general financial well being and attitude to money and life knowing i have this huge debt which us increasing,debt,,5,,,
1171,656,Depth5_1484,Depth4_1036,yes but they will still live with the burden of having to pay back this debt that will increase with interest at some point in the future,interest,debt,5,,,
1172,657,Depth5_1485,Depth4_1036,"the debt could take years to clear , and may prevent them getting mortgages , as lenders look at how much is spent each month on servicing existing debt . also , it prevents people investing in pensions for the future - an aging population with no pension provision is a ticking time bomb",debt,,5,,,
1173,658,Depth5_1486,Depth4_1054,"often jobs require a student to be flexible . so , if they are not , then they must miss at least a lecture a week to be able to afford university . why should someone pay Â£9000+ a year just to have to miss parts of the teaching anyway ?",afford,job,5,,,
1174,659,Depth5_1487,Depth4_1054,students should n't have to have the added stress of having to work whilst at university . the fees should be free in order for individuals to focus on their studies .,free,,5,,,
1175,660,Depth5_1488,Depth4_1054,"as someone who does n't come from money , i agree i need to learn yo manage budgets - but not budgets of debts",debt,,5,,,
1176,661,Depth5_1491,Depth4_1065,"it will still be much harder to get work as in many specialisations there is a limit , in the sense that further learning wo n't necessarily be required . thus , there wo n't be exceptional cases in these trades - only thousands gunning for the same jobs .",job,,5,,,
1177,662,Depth5_1492,Depth4_1065,if everyone had the same opportunity of going to university then this would make society a better place .,society,,5,,,
1178,663,Depth5_1495,Depth4_1065,"access to education is vital for the future of the country - companies will invest in a well educated workforce . standards of education at university can be closely monitored , and any drops in standards can be addressed at the time",access,,5,,,
1179,664,Depth5_1496,Depth4_1070,or maybe their mental health is more important to be worrying about being in debt .,debt,,5,,,
1180,665,Depth5_1498,Depth4_1070,everyone should be given a fair chance at attending university so i think keep the fees but lower them so people who want to can still go without fear of debt,debt,,5,,,
1181,666,Depth5_1503,Depth4_1081,there are not enough loans and scholarships for the amount of applicants . people are losing out on their education and having their options limited by something out of their control,loan,scholarship,5,,,
1182,667,Depth5_1504,Depth4_1081,funding is great but for those who don't get it just because the parents earn a certain amount does not mean they can afford them to go . what happens if that family has 3 children all wanting to go to university .,family,afford,5,,,
1183,668,Depth5_1506,Depth4_1081,there are so few scholarships available and loans are a massive financial commitment . university should be subsidised and fees removed for lower income students .,loan,scholarship,5,,,
1184,669,Depth5_1507,Depth4_1081,"the means tested loans are not designed well . many parents can not afford to help their child through university while still supporting other children at home , yet the way they are assessed shows that they should/can support them and so grants and loans are not available or too low .",loan,afford,5,,,
1185,670,Depth5_1510,Depth4_1102,some people who do want to go desperately can't afford it . and those more fortunate to be able to afford it may not take it seriously but go just because they can afford it .,afford,,5,,,
1186,671,Depth5_1516,Depth4_1112,there should be a set fee giving everyone a chance a further more levelling out the amount of people who can afford to go whilst sticking within the grades to get in guidelines .,afford,,5,,,
1187,672,Depth5_1520,Depth4_1122,"students should n't have to worry about loans so they can better themselves . they should be entitled to free higher education as this can improve so many job roles which in society , we need .",society,loan,5,free,job,
1188,673,Depth5_1521,Depth4_1122,loans are loans and therefore enable people to get further in their career and education . they should be treated as loans and not held against them but also as something to be treated seriously and maturely,loan,career,5,,,
1189,674,Depth5_1525,Depth4_1122,"the loan should not affect credit scores . if we abolished fees this would not be an issue . having fees and then having them affect credit scores will not encourage students to make higher repayments when they can not even afford to live , let alone pay back horrendous debt",loan,afford,5,debt,,
1190,675,Depth5_1526,Depth4_1132,the loans are simply not enough for students to live adding stress and worry to that individual . this then does not give them enough clear mind space to focus on studying for their degree .,loan,,5,,,
1191,676,Depth5_1530,Depth4_1132,but that is impossible to do as there are such limited scholarships . the fees need to be scrapped so that the loans are only used on living expenses like in the 90s ',loan,scholarship,5,,,
1192,677,Depth5_1533,Depth4_1071,"it 's not an investment , if the interest continues to go up and up and sometimes graduates find it hard to gain a job straight after university due to not having the experience which adds pressure and worry on them .",interest,job,5,,,
1193,678,Depth5_1535,Depth4_1071,student debt can effect someone for the rest of there life if they fail to find a good job after they have finished university . it difficult to tell if getting into debt is investment or gambling .,job,debt,5,,,
1194,679,Depth5_1537,Depth4_1071,it may be an investment but it is a long commitment and may take many many years to be in a high paid job to clear the debt .,job,debt,5,,,
1195,680,Depth5_1540,Depth4_1083,"this has nothing to do with the original argument . if the loan assumes that there is going to be parental financial support that does n't end up being given , this has absolutely nothing to do with the student 's ability to manage money .",loan,,5,,,
1196,681,Depth5_1542,Depth4_1083,"it is not just a matter of managing money . there could be fantastic potential teachers , social workers and doctors out there who will not be able pursue their chosen career because they can not afford the fees and their parents can not afford to subsidise .",afford,career,5,,,
1197,682,Depth5_1545,Depth4_1104,"the loan also adds interest , sometimes making it harder for the individual to pay back .",interest,loan,5,,,
1198,683,Depth5_1546,Depth4_1104,"this assumes you can pay the debt back quickly which is obviously not going to be the case for many people , especially those with disabilities , for example , or anyone else who struggles to find employment for myriad reasons beyond their control .",debt,,5,,,
1199,684,Depth5_1548,Depth4_1104,everybody should have the right to free higher education . if they chose to participate in this or choose not to should not matter .,free,,5,,,
1200,685,Depth5_1551,Depth4_1116,a degree is not an investment when interest is added to the loan straight after the student graduates making it harder to pay back .,interest,loan,5,,,
1201,686,Depth5_1553,Depth4_1116,"if someone has the capacity to complete a university course and achieve the highest grade and are rejected because they ca n't afford the fees , the degree does become devalued .",afford,,5,,,
1202,687,Depth5_1554,Depth4_1116,"a university degree is not just an investment on a individual 's future . by providing free higher education , we are investing in the future of the country .",free,,5,,,
1203,688,Depth5_1555,Depth4_1116,it is a barrier for all individuals and if they come through a low income background it can be very daunting to have this debt . their is stigma around university for being for higher class backgrounds and can often make others feel intimidated .,debt,background,5,,,
1204,689,Depth5_1557,Depth4_1123,some people simply feel they would n't be able to afford university because the loan is so little .,loan,afford,5,,,
1205,690,Depth5_1560,Depth4_1123,"education should not be only for those who can afford it . the student fee is not a marker of quality education , that is down to the individual universties and the courses that they run .",afford,,5,,,
1206,691,Depth5_1561,Depth4_1123,"it is not a guarantee you will get a higher paid job , some individuals find themselves not using their degree and see it as a waste of money .",job,,5,,,
1207,692,Depth5_1563,Depth4_1133,the loans are not enough to cover all living expenses adding extra stress to the individual .,loan,,5,,,
1208,693,Depth5_1564,Depth4_1133,"at certain levels of education , or if you have to repeat a year , the loans are for fees only .",loan,,5,,,
1209,694,Depth5_1567,Depth4_1133,again this means further debt or relying on family to subsidies your life style which is not available to majority of families .,family,debt,5,,,
1210,695,Depth5_1569,Depth4_1078,"studying full-time is hard work , getting a part-time job to fit in around studies is not always a plausible solution .",job,,5,,,
1211,696,Depth5_1571,Depth4_1078,wages are not rising fast enough and poorer students will still be penalised in the form of more debt,debt,,5,,,
1212,697,Depth5_1574,Depth4_1085,students should n't be forced into finding part-time work to contribute towards a loan that is extortionate .,loan,,5,,,
1213,698,Depth5_1577,Depth4_1085,parents income can change depending on what job they have or if they are coming up to retirement age,job,,5,,,
1214,699,Depth5_1579,Depth4_1105,this should n't be about `` getting a job above the payment threshold ' but more about them getting a job that they want and is related to their degree .,job,,5,,,
1215,700,Depth5_1580,Depth4_1105,nick clegg promised to abolish tuition fees but was instead art of a government that raised them . how is anyone expected to trust the words of the government after this,government,,5,,,
1216,701,Depth5_1581,Depth4_1105,the pressure of having loans at university may affect a persons stress levels and mental health and in fact lead to lower grades and not getting a good job .,loan,job,5,,,
1217,702,Depth5_1584,Depth4_1117,being able to go to university should n't be based on whether someone can afford it or not . those who work hard at school/college should be able to attend the university they want and do the course they want without having to worry about whether they can afford it .,afford,,5,,,
1218,703,Depth5_1585,Depth4_1117,your intellect should not be stifled just because you are from a less well off background and ca n't afford to pay,afford,background,5,,,
1219,704,Depth5_1586,Depth4_1117,if only those who can afford to pay for university then this will lead to only the rich getting a good education,afford,,5,,,
1220,705,Depth5_1594,Depth4_1142,nobody should be made to take out a huge loan to be able to get started in a career they wish to follow . should we be teaching people that in order to get on in life you need to take out a massive loan to get there ?,loan,career,5,,,
1221,706,Depth5_1596,Depth4_1142,the pressure on relying on a student loan to survive can affect a student negatively and set them up to rely on borrowing in the future .,loan,,5,,,
1222,707,Depth5_1597,Depth4_1142,it 's encouraging more debt ... if they are bad at managing money then it will spiral out of control,debt,,5,,,
1223,708,Depth5_1601,Depth4_35,"having a large loan to pay back will put young people off going to university , as they will see paying it back as a shadow over their adult life .",loan,,5,,,
1224,709,Depth5_1602,Depth4_35,"the loan is however significantly higher than the minimum payment required to clear it . in most cases students either never fully repay there loan , or spend 20 years chipping away at it .",loan,,5,,,
1225,710,Depth5_1603,Depth4_79,"if the job market is extremely competitive , some people with degrees are still going to fall through the cracks and find it difficult to pay back their loans .",loan,job,5,,,
1226,711,Depth5_1605,Depth4_79,it doesn't give you an advantage for most jobs as the post grad market is overcrowded . people end up being over qualified for the jobs available .,job,,5,,,
1227,712,Depth5_1606,Depth4_79,"a lot of jobs will see a graduate as being overqualified and likely to leave for a better job after a short time , or because they are bored , and are therefore not worth taking on and training .",job,,5,,,
1228,713,Depth5_1608,Depth4_1146,"the fact of taking out a loan still burdens these students and gives them more to worry about , which might impact their studies . it 's also just blatantly unfair .",loan,,5,,,
1229,714,Depth5_1609,Depth4_1146,students still have financial burden though and it is most likely that they will earn a reasonable wage so they can not escape the loan .,loan,,5,,,
1230,715,Depth5_1612,Depth4_1146,"but then in most cases the loan is either not paid off , or the student never truly fulfills there potential and takes a job below the `` reasonable loan '' .",loan,job,5,,,
1231,716,Depth5_1614,Depth4_1154,realistically not everyone has funds to pay for education so it is unfair to expect people to pay . people from all socioeconomic backgrounds should be able to go to uni if they want to but many from low socioeconomic backgrounds are missing out because they can not afford it .,afford,background,5,,,
1232,717,Depth5_1616,Depth4_1154,"it is not true that you need to spend money on your job/career in all or even most walks of life . in most jobs , training is provided by the company .",job,,5,,,
1233,718,Depth5_1617,Depth4_1154,the loan system does to a degree allow for you to earn your education . the government are simply offsetting the cost so it can be spread over your working life as long as you earn enough .,loan,government,5,,,
1234,719,Depth5_1618,Depth4_1162,"just because you are not paying anything back at present does n't negate the fact you end up owing more and more interest , effectively getting punished for not paying it back sooner .",interest,,5,,,
1235,720,Depth5_1620,Depth4_1162,"the debt still exists and it still accrues interest . when getting a new job , the threshold again may cause issues when it comes to affording repayments . the cost of living is too high to afford loan repayments , no matter how reasonable the interest may be .",loan,debt,5,job,interest,afford
1236,721,Depth5_1622,Depth4_1162,the loan eventually is nullified after a certain amount of time . it also does not go towards your credit score so has no bearing regardless of whether you owe Â£4 or Â£90k .,loan,,5,,,
1237,722,Depth5_1623,Depth4_1170,this is simply not the case for many people - a `` basic income '' will be unevenly distributed . what if you live in an area with high rent and high food prices ? you also have ignored the point about interest rates .,interest,,5,,,
1238,723,Depth5_1625,Depth4_1170,"if you're on a basic income , you don't have a small percentage left for a loan . you need to be physically and mentally healthy if you're working and being pushed into extra hardship decreases motivation",loan,,5,,,
1239,724,Depth5_1630,Depth4_84,"but uni provides many opportunities to improve and learn for caress , such a career placement , interview practice and strength days .",career,,5,,,
1240,725,Depth5_1632,Depth4_84,i think university is highly appreciated by employers and helps people become more independent but it 's not fair that people have financial stress lurking above them whilst studying as it would be harder to learn and stops people from pursuing thier dream careers .,career,,5,,,
1241,726,Depth5_1633,Depth4_116,it 's still unobtainable for candidates from poorer backgrounds . without university fees it 'll make career progression more obtainable no matter what background you 're from .,career,background,5,,,
1242,727,Depth5_1634,Depth4_116,people with great potential might be put off to succeed and later be an great asset due to scary loans and fees,loan,,5,,,
1243,728,Depth5_1635,Depth4_116,"but a loan means they will be worse of in the future as have interest on the loan , so unfair as actually pay more than a richer person that can pay it straight away",interest,loan,5,,,
1244,729,Depth5_1638,Depth4_1147,"most degrees involve a lot of self study , if a person has to take on a job to pay for their university fees , they wo n't be putting everything they 've got into their degree and they 'll simply be too tired from working .",job,,5,,,
1245,730,Depth5_1640,Depth4_1147,"working alongside it may make them burn out before the end of studies meaning no degree but still a loan to have to pay back or means they do n't get as high a degree , effecting the career path later on",loan,career,5,,,
1246,731,Depth5_1643,Depth4_1155,"loans can cause debt issues , if the person were unable to obtain work straight after university they wo n't be able to afford to pay back loan repayments",loan,afford,5,debt,,
1247,732,Depth5_1644,Depth4_1155,loans are scary and often you are pestered by second hand companies about the loan,loan,,5,,,
1248,733,Depth5_1648,Depth4_1163,"well , abolishing debt is the same as abolishing university fees . if they 're doing to abolish the debt of a loan used to pay the tuition fees , why not scrap the fees in the first place",loan,debt,5,,,
1249,734,Depth5_1649,Depth4_1163,"sometimes a uni degree can hinder a job application if overqualified , and just looking for some money to tide you over . so interest is worrying",interest,job,5,,,
1250,735,Depth5_1650,Depth4_1163,"but many people coming out of uni with a degree means saturation of the job marketing , which can be deflating when you come out with a degree yet not find equivalent job to it .",job,,5,,,
1251,736,Depth5_1653,Depth4_1174,many university graduates will make sure they get a job under Â£21000 to avoid paying the fees back until the debt is abolished . you may as well abolish the fees if this is the case,job,debt,5,,,
1252,737,Depth5_1654,Depth4_1174,the struggle of finical pressure of having to pay back the loan so soon after even finding a basic job could stop people from getting a job in a sector they have studied for because of money issues,loan,job,5,,,
1253,738,Depth5_1660,Depth4_88,a few years studying for a degree is nothing in the grand scheme of things . the qualification will put you at an advantage for gaining a job compared to an individual who had no degree and just experience .,job,,5,,,
1254,739,Depth5_1661,Depth4_88,a lot of degrees offer placements so the person has job experience and specialist academic knowledge . a person with a degree will understand the work ethics more than someone new to the industry .,job,,5,,,
1255,740,Depth5_1669,Depth4_226,"most of the debt is never completely paid back it is written off , therefore that argument holds no water as so many former students never achieve the payment threshold to repay the debt in full in the allotted time .",debt,,5,,,
1256,741,Depth5_1671,Depth4_226,"people with debt are more likely to depend on the economy for hangouts , in turn are unable to place it into the economy . those with no student debt will have 100 % of income to boost the economy",debt,,5,,,
1257,742,Depth5_1672,Depth4_226,"our society has become much broader and more accepting of different groups of people . more people are feeling confidence in their abilities to apply , and thus are being accepted . it 's still an investment , it 's just a more frequent investment than it was in the past .",society,,5,,,
1258,743,Depth5_1674,Depth4_1153,"loans are exactly that , loans which get students into debt because they can not afford it . we are potentially losing out on some great minds doing well in out most needed fields such as science and medicine because the cost and debt they would find themselves in is off putting .",loan,afford,5,debt,,
1259,744,Depth5_1675,Depth4_1153,the thought of having to apply and receive loans will put a lot of people off applying for university,loan,,5,,,
1260,745,Depth5_1676,Depth4_1153,but loans give a person less income in the long term . it reflects badly on people and can be a deterrent to people attending university .,loan,,5,,,
1261,746,Depth5_1681,Depth4_1165,that goes singles out graduates who do achieve the income level . they spend their lives paying a student loan and only achieve paying the interest .,interest,loan,5,,,
1262,747,Depth5_1683,Depth4_1179,"and so the debt will be hanging over the student from the word go , which could set them back from the offset especially with the pressure .",debt,,5,,,
1263,748,Depth5_1684,Depth4_1179,this will mean they will not actually be receiving that higher pay as it will go back into repaying their student loan . they could as easily go for a lower paid job outside their relevant degree just to avoid repaying the debt .,job,loan,5,debt,,
1264,749,Depth5_1685,Depth4_1179,it appears to be unfair as some individuals ( higher earning jobs ) will have to pay a large amount off whereas other individuals ( below the threshold ) may have obtained a free education,free,job,5,,,
1265,750,Depth5_1688,Depth4_418,but how is an individual supposed to move forward with limited job prospects and that amount of debt hanging over their heads ! the loans take a significant amount of time to pay back when the student is already mid twenties and looking to build a future .,job,loan,5,debt,,
1266,751,Depth5_1690,Depth4_418,having a long-term financial burden such as paying back student loans can affect mental health and prevent progression . small interest rates will quickly add up if your loan is Â£36k andit 's taking you 30 years to repay .,interest,loan,5,,,
1267,752,Depth5_1691,Depth4_418,the debt is still there even if it 's paid with smaller interest and debt can be burdensome to individual,interest,debt,5,,,
1268,753,Depth5_1694,Depth4_576,"the reality is that students should n't be forced to work along side studies , but many are as they can not afford to live from their loan on its own",loan,afford,5,,,
1269,754,Depth5_1696,Depth4_576,getting a part time job whilst studying can take a toll on students especially when there 's are loads of course work and studying to do . student hardly gets free time to party . weekend partying is a way to relax from all the intense studying,free,job,5,,,
1270,755,Depth5_1698,Depth4_707,but at some point in their early career they 're faced with this massive 9k debt and it is literally hanging over them with the pressure of having to pay it back eventually .,career,debt,5,,,
1271,756,Depth5_1705,Depth4_966,the poorest people will still be put off attending though so will not have the benefit of a degree in their career,career,,5,,,
1272,757,Depth5_1710,Depth4_1067,"it is n't an equal opportunity though , as some people will not be able to afford to attend",afford,,5,,,
1273,758,Depth5_1716,Depth4_1181,some jobs after higher education do n't pay enough compared to what jobs with skill set pays . this does not encourage the younger generation who are trying to make decisions of whether or not to go to university,job,,5,,,
1274,759,Depth5_1717,Depth4_1181,"putting the cost in taxes means the money is spread across many people and therefore it will have a much smaller impact on people but everyone will benefit from people graduating and becoming lawyers , surgeons , teachers .",tax,,5,,,
1275,760,Depth5_1718,Depth4_797,government had the responsibility to cap a price how much they can charge so that the majority can go to university,government,,5,,,
1276,761,Depth5_1719,Depth4_797,"you shouldn't have to pay for university as you are going to help with the economy getting a job through education . if you choose an apprenticeship you get paid , you don't pay for it , so uni should be the same .",job,,5,,,
1277,762,Depth5_1722,Depth4_797,but providing higher education to younger people will benefit the country greater on long term allowing greater taxes from wages thus providing a more efficient and better off workforce,tax,,5,,,
1278,763,Depth5_1724,Depth4_967,"there are many people who can't afford to go to uni , people from poorer backgrounds should be given the opportunity to higher education . people who have children , people who have no family to help with costs . why should people miss out because of the expense of fees .",family,afford,5,background,,
1279,764,Depth5_1725,Depth4_967,every person should have the right to free higher education in order to improve their life and career prospects . if these people had the free higher education to succeed then there would be more people in job roles which we need .,free,job,5,career,,
1280,765,Depth5_1726,Depth4_967,"part time courses come with no opportunity for student loans or grants , so is only a viable option for people already in employment .",loan,,5,,,
1281,766,Depth5_1730,Depth4_1157,"the loan system does n't take into consideration the interest on the loan after you have completed university . also , usually the loan is n't enough to support the individual with their higher education and therefore that individual has to work alongside studying at university .",interest,loan,5,,,
1282,767,Depth5_1732,Depth4_1157,"but people may be scared of reducing their wage for the foreseeable future , with house and future family costs ahead .",family,,5,,,
1283,768,Depth5_1735,Depth4_1180,the fees are stopping people from going to university as they simply can not afford it and therefore preventing talented individuals gaining their dream careers .,afford,career,5,,,
1284,769,Depth5_1737,Depth4_1180,"however that means uni 's have a responsibility ensure that they provide equal worth to 9k , with some courses arguably are not",,,5,,,
